priority,status,id,brand,model,year,title,detail,fileUrl
"1","quota_exceeded","cmos41otc012gmjkhma4lfjw3","Harley-Davidson","STREET ingles","2019","Manual de Servico Harley-Davidson STREET ingles","Google Drive quota exceeded","https://drive.google.com/file/d/1V9GRVI4nLeuI7YEyVepUtAjN3LcEHCqs/view"
"1","quota_exceeded","cmos5g3rs01b4mjkhcepvwlu5","Honda","TRX 500 a Foreman 500","2004","Manual de Servico Honda TRX 500 a Foreman 500","Google Drive quota exceeded","https://drive.google.com/file/d/1TXHwHXdE0OYbQzL6F7M_RHfxk-XarZZ_/view"
"1","quota_exceeded","cmos5gf9601b6mjkh62fjwtkv","Honda","Trx420","2007","Manual de Servico Honda Trx420","Google Drive quota exceeded","https://drive.google.com/file/d/1VT8w9DGXeB8BqDo5Q5hMxcJgziEDPjgn/view"
"1","quota_exceeded","cmos5gapc01b5mjkhpm9vmo5e","Honda","TRX420","2014","Manual de Servico Honda TRX420","Google Drive quota exceeded","https://drive.google.com/file/d/1nahSx6nMz7YdyGSk95eD0a3qSXHSk8CI/view"
"1","quota_exceeded","cmos5gkg501b7mjkhkto9gm7w","Kawasaki","KAF 400 Mule 600 610 4x4","2005","Manual de Servico Kawasaki KAF 400 Mule 600 610 4x4","Google Drive quota exceeded","https://drive.google.com/file/d/1pXpLOGW2pBKmPxTshDyK9_q0hMQqwP4C/view"
"1","quota_exceeded","cmos5goot01b8mjkhd2qpbckr","Kawasaki","KAF 620 Mule 3010 4x4","2005","Manual de Servico Kawasaki KAF 620 Mule 3010 4x4","Google Drive quota exceeded","https://drive.google.com/file/d/1UP4qcVWQPdOoFw6ls5VNqQqz5VaZVmd7/view"
"1","quota_exceeded","cmos5gvz701b9mjkhsi0fbrjk","Kawasaki","KFX 700 V A1 Force","2004","Manual de Servico Kawasaki KFX 700 V A1 Force","Google Drive quota exceeded","https://drive.google.com/file/d/19kfLj_WOdgG6n6uchDDyozwIxl4tRXiM/view"
"1","quota_exceeded","cmos5gzv301bamjkhncdn1q98","Kawasaki","KLF 250 A1 3","2003","Manual de Servico Kawasaki KLF 250 A1 3","Google Drive quota exceeded","https://drive.google.com/file/d/11knlypRwGjMZxFHAteEM78xnOR-w1DhB/view"
"1","quota_exceeded","cmos5h6aj01bbmjkh12lgcbor","Kawasaki","KVF 360 Prairie 360 ingles","2003","Manual de Servico Kawasaki KVF 360 Prairie 360 ingles","Google Drive quota exceeded","https://drive.google.com/file/d/1GpEefE9NRuMvT6zDEFPAYZcgOWK_FHOT/view"
"1","quota_exceeded","cmos5ha6f01bcmjkhrd2u7q4u","Kawasaki","KVF 750 A B1 Brute Force","2005","Manual de Servico Kawasaki KVF 750 A B1 Brute Force","Google Drive quota exceeded","https://drive.google.com/file/d/1i_53Ql59slnv558v1isXKSUIyZp7VEcw/view"
"1","quota_exceeded","cmos5ascp01a8mjkh1gee3w4s","KTM","125 e 200 ingles","2012","Manual de Servico KTM 125 e 200 ingles","Google Drive quota exceeded","https://drive.google.com/file/d/1BV8o-H-yX2buxItMuoo8Z4XmetKPwr2p/view"
"1","quota_exceeded","cmos5az5l01a9mjkhsdkmdqn2","KTM","125 e 200 ingles","2016","Manual de Servico KTM 125 e 200 ingles","Google Drive quota exceeded","https://drive.google.com/file/d/11ys9MfR6KXOMEHBaUuDYjOgoFNnA7y5V/view"
"1","quota_exceeded","cmos59d0q019zmjkh0fkrxnma","KTM","1290 ingles","2014","Manual de Servico KTM 1290 ingles","Google Drive quota exceeded","https://drive.google.com/file/d/1bGMAUdaaL71IdYUYDW8USc2HkvQ4hP1z/view"
"1","quota_exceeded","cmos59j0n01a0mjkhh7zeh3p0","KTM","1290 SUPER R ingles","2019","Manual de Servico KTM 1290 SUPER R ingles","Google Drive quota exceeded","https://drive.google.com/file/d/1jj9C7yvzxTG-3Yz2blHVeR8AzEPCUD45/view"
"1","quota_exceeded","cmos4vg0m017lmjkh3cu1vvu1","KTM","250 300 tpi","2022","Manual de Servico KTM 250 300 tpi","Google Drive quota exceeded","https://drive.google.com/file/d/1za4mntH2aJiueT-b3YBhLnhy_BMuYu2G/view"
"1","quota_exceeded","cmos4wsp4017tmjkhgst0l04g","KTM","250 300 TPI Six Days TPI ingles","2019","Manual de Servico KTM 250 300 TPI Six Days TPI ingles","Google Drive quota exceeded","https://drive.google.com/file/d/17agpQsaRz9i5i1iBJrkt7em2rymUCNwg/view"
"1","quota_exceeded","cmos4w4wm017pmjkh7eodm742","KTM","250 300 XC ingles","2014","Manual de Servico KTM 250 300 XC ingles","Google Drive quota exceeded","https://drive.google.com/file/d/1QJ6K-M6DY5q_9y-rmxZQ8JPuiN5vY6pi/view"
"1","quota_exceeded","cmos4vruz017nmjkh9li6ewde","KTM","250 300 XC ingles","2011","Manual de Servico KTM 250 300 XC ingles","Google Drive quota exceeded","https://drive.google.com/file/d/1OgwlOOcsGrFo7S_cN55Vrwy69Jn3Sl0q/view"
"1","quota_exceeded","cmos4wier017rmjkhtwqdmki7","KTM","250 300 XC ingles","2013","Manual de Servico KTM 250 300 XC ingles","Google Drive quota exceeded","https://drive.google.com/file/d/1LfAQwQBv5ERgDgDF_b86ezCddwrWsNOu/view"
"1","quota_exceeded","cmos4wnxs017smjkh15y51r4i","KTM","250 300 XC ingles","2016","Manual de Servico KTM 250 300 XC ingles","Google Drive quota exceeded","https://drive.google.com/file/d/109huiYcZMWd0Qsb7MfH4y7hHKyNs1bIQ/view"
"1","quota_exceeded","cmos4vmwl017mmjkh152iu5pp","KTM","250 300 XC ingles","2015","Manual de Servico KTM 250 300 XC ingles","Google Drive quota exceeded","https://drive.google.com/file/d/1_GvdCqUxCbbvzZX_QeEQL6ynShz61_rx/view"
"1","quota_exceeded","cmos4vxx2017omjkhu0gvu9po","KTM","250 300 XC W ingles","2014","Manual de Servico KTM 250 300 XC W ingles","Google Drive quota exceeded","https://drive.google.com/file/d/1pvwS9l56ZfDGUgSEfAQtHgiJSwuP-r6p/view"
"1","quota_exceeded","cmos4x3ze017vmjkhla3snjih","KTM","250 400 450 525 ingles","2000","Manual de Servico KTM 250 400 450 525 ingles","Google Drive quota exceeded","https://drive.google.com/file/d/1cmcy-e9jjOFkGViW4v43z6S2mGpg88iO/view"
"1","quota_exceeded","cmos4uh7r017gmjkhesijp2zd","KTM","250 F XC F F ingles","2011","Manual de Servico KTM 250 F XC F F ingles","Google Drive quota exceeded","https://drive.google.com/file/d/1PDR4HAGxWpktHnOlITKoyAoI6dDOjvGH/view"
"1","quota_exceeded","cmos4unva017hmjkhfgwmat1d","KTM","250 F XC F F ingles","2012","Manual de Servico KTM 250 F XC F F ingles","Google Drive quota exceeded","https://drive.google.com/file/d/1xAPH-m3LxKIa46Th1hrd1YwFOc9hb0v9/view"
"1","quota_exceeded","cmos5b3r301aamjkhsw3umqbr","KTM","250 ingles","2016","Manual de Servico KTM 250 ingles","Google Drive quota exceeded","https://drive.google.com/file/d/1GW81ELVUSD1gkNW_Nyj9VRXB3l26eRLk/view"
"1","quota_exceeded","cmos4v27l017jmjkh7chc2cyu","KTM","250 XCF W F ingles","2013","Manual de Servico KTM 250 XCF W F ingles","Google Drive quota exceeded","https://drive.google.com/file/d/18xIL91XsuoykSoc-q96bNGmmgZAnYwGf/view"
"1","quota_exceeded","cmos4xf2d017xmjkhu5muot2t","KTM","300 XC W ingles","2013","Manual de Servico KTM 300 XC W ingles","Google Drive quota exceeded","https://drive.google.com/file/d/1WmFSHrJXVwKSRlSdoS4Y8LH_y2qtGWob/view"
"1","quota_exceeded","cmos4yqr60185mjkh5cnqfzit","KTM","350 F XC F ingles","2013","Manual de Servico KTM 350 F XC F ingles","Google Drive quota exceeded","https://drive.google.com/file/d/1aT5VEFv8RMc7LBn5yS-7WPBIZnOdUbd0/view"
"1","quota_exceeded","cmos4ywae0186mjkho62xif27","KTM","350 F XC F ingles","2014","Manual de Servico KTM 350 F XC F ingles","Google Drive quota exceeded","https://drive.google.com/file/d/1GrxsZrX9jNR013Eoy5sp8IfJnDM3392z/view"
"1","quota_exceeded","cmos4yku60184mjkh6lww29q7","KTM","350 F XC F ingles","2013","Manual de Servico KTM 350 F XC F ingles","Google Drive quota exceeded","https://drive.google.com/file/d/1NWLg9rrBNlNi9KCqmqPpo-klJ5L-HWNE/view"
"1","quota_exceeded","cmos4xx380180mjkhb294vmjm","KTM","350 F XCF W ingles","2013","Manual de Servico KTM 350 F XCF W ingles","Google Drive quota exceeded","https://drive.google.com/file/d/1cJIlC_MXYvErDIMYOZYbhnCene5hRUz7/view"
"1","quota_exceeded","cmos4xqbp017zmjkhj8xavbha","KTM","350 F XCF W ingles","2015","Manual de Servico KTM 350 F XCF W ingles","Google Drive quota exceeded","https://drive.google.com/file/d/1HG5PescyI4cvrQug8NrBVplrL0bToBUb/view"
"1","quota_exceeded","cmos4ye590183mjkhjowwjg3y","KTM","350 F XCF W ingles","2015","Manual de Servico KTM 350 F XCF W ingles","Google Drive quota exceeded","https://drive.google.com/file/d/1qVSiuZ3z3aT0k_ixqJtm4co_vS69yy38/view"
"1","quota_exceeded","cmos4y1n10181mjkh3dsb197p","KTM","350 F XCF W ingles","2014","Manual de Servico KTM 350 F XCF W ingles","Google Drive quota exceeded","https://drive.google.com/file/d/1FjBtJroHGvH5U2EO0KKnp5ru5AEwWe2U/view"
"1","quota_exceeded","cmos4zbjj0189mjkhhjnfmga3","KTM","350 SXF XCF ingles","2012","Manual de Servico KTM 350 SXF XCF ingles","Google Drive quota exceeded","https://drive.google.com/file/d/1JfukLttrmZEqyCiL8DMdKxQhq3DY0_Ny/view"
"1","quota_exceeded","cmos5c6tm01agmjkhpbror4rh","KTM","390 ingles","2016","Manual de Servico KTM 390 ingles","Google Drive quota exceeded","https://drive.google.com/file/d/1O_L3zbbEOxRqwo_lORvEKLPYwvrgpiiS/view"
"1","quota_exceeded","cmos4zmpx018bmjkhio1l5n60","KTM","390 ingles","2016","Manual de Servico KTM 390 ingles","Google Drive quota exceeded","https://drive.google.com/file/d/1aqJTPYhVY0FCP1FpEBZyDIuSyL6CRg6x/view"
"1","quota_exceeded","cmos5c0ij01afmjkhb225awgi","KTM","390 portugues","2015","Manual de Servico KTM 390 portugues","Google Drive quota exceeded","https://drive.google.com/file/d/1zz4oDJonCtmIuIKLWC6yhkmxHeOpuF5R/view"
"1","quota_exceeded","cmos50hk8018gmjkhemzzvvxl","KTM","450 500 F ingles","2017","Manual de Servico KTM 450 500 F ingles","Google Drive quota exceeded","https://drive.google.com/file/d/1XnZ3X86fjxqbtUDuDK20Vkx17tG25Qnu/view"
"1","quota_exceeded","cmos52mcx018tmjkhom2nstao","KTM","450 500 F XCF W Six Days ingles","2014","Manual de Servico KTM 450 500 F XCF W Six Days ingles","Google Drive quota exceeded","https://drive.google.com/file/d/1Rw69sUclkzFnXLYfv0f0AYIty5ntVLWF/view"
"1","quota_exceeded","cmos52i7m018smjkhq9awvf5o","KTM","450 500 SIX DAYS ingles","2015","Manual de Servico KTM 450 500 SIX DAYS ingles","Google Drive quota exceeded","https://drive.google.com/file/d/1ziEK5ewiFweNSh7vzIhpKBATfElZ0cyT/view"
"1","quota_exceeded","cmos50brm018fmjkhas71kwkk","KTM","450 500 SIX DAYS XC W ingles","2000","Manual de Servico KTM 450 500 SIX DAYS XC W ingles","Google Drive quota exceeded","https://drive.google.com/file/d/1ze9iDtJTLcU98iWnIgm46FvRaepQjiz9/view"
"1","quota_exceeded","cmos52z38018vmjkhqbkqwccp","KTM","450 500 XC W 6DAYS ingles","2016","Manual de Servico KTM 450 500 XC W 6DAYS ingles","Google Drive quota exceeded","https://drive.google.com/file/d/1HVLEKs7maSH7gyJ0i8EbraYib5bBWSYk/view"
"1","quota_exceeded","cmos50ykh018jmjkhlogscqnm","KTM","450 F & Xc F ingles","2016","Manual de Servico KTM 450 F & Xc F ingles","Google Drive quota exceeded","https://drive.google.com/file/d/1jgwTJsA2dV9fEaG4lRc3m9gzuNjGMpNe/view"
"1","quota_exceeded","cmos51nvf018nmjkhza0dv54m","KTM","450 F ingles","2012","Manual de Servico KTM 450 F ingles","Google Drive quota exceeded","https://drive.google.com/file/d/1aSzlZt1GNq4TU1bCzQqm77aqK7Y3pn1u/view"
"1","quota_exceeded","cmos51gru018mmjkhp7obu6s9","KTM","450 F ingles","2011","Manual de Servico KTM 450 F ingles","Google Drive quota exceeded","https://drive.google.com/file/d/1x3yB5Q-KmDU79iWwoRvAFrDb65FCaQ8H/view"
"1","quota_exceeded","cmos520at018pmjkhp1fiu432","KTM","450 F XC F ingles","2015","Manual de Servico KTM 450 F XC F ingles","Google Drive quota exceeded","https://drive.google.com/file/d/1Q24X00fzdLgIXmJXtIs6GQ5HK9LTPEUN/view"
"1","quota_exceeded","cmos50rfw018imjkhu3py78oa","KTM","450 SMR ingles","2014","Manual de Servico KTM 450 SMR ingles","Google Drive quota exceeded","https://drive.google.com/file/d/1MAVmzdNvGnLipKqCdNP3DnSf6fH1w-QR/view"
"1","quota_exceeded","cmos50mp2018hmjkh70mw2v38","KTM","450 SMR ingles","2008","Manual de Servico KTM 450 SMR ingles","Google Drive quota exceeded","https://drive.google.com/file/d/1ucCpKuYdZdycJpSzMzRjvjzWbq0qcJx3/view"
"1","quota_exceeded","cmos53cu0018xmjkhw8y7wxao","KTM","540 560 610 SMR ingles","2000","Manual de Servico KTM 540 560 610 SMR ingles","Google Drive quota exceeded","https://drive.google.com/file/d/1VKJAxhIwk6yf73LXclsOXmukvaNstuf-/view"
"1","quota_exceeded","cmos53gq3018ymjkhhehx4kgl","KTM","640 Lc4 Lc4 e Supermoto ingles","1998","Manual de Servico KTM 640 Lc4 Lc4 e Supermoto ingles","Google Drive quota exceeded","https://drive.google.com/file/d/1WDOe5gWNhgqz6kArK4YELCMJVuT4v9xM/view"
"1","quota_exceeded","cmos55b8e019amjkhwe31suor","KTM","690 Enduro ingles","2013","Manual de Servico KTM 690 Enduro ingles","Google Drive quota exceeded","https://drive.google.com/file/d/18hZuf2vvSb8Uz0O1e9QHOiLnajbSqffP/view"
"1","quota_exceeded","cmos55lnv019cmjkhxmu3m8t5","KTM","690 ENDURO R ingles","2018","Manual de Servico KTM 690 ENDURO R ingles","Google Drive quota exceeded","https://drive.google.com/file/d/1Nw2vVlJI4svPY1oKHOa_BaO8jbYx2Qj1/view"
"1","quota_exceeded","cmos53s2u0190mjkhgtrr1e9a","KTM","690 ingles","2010","Manual de Servico KTM 690 ingles","Google Drive quota exceeded","https://drive.google.com/file/d/1OuUGNGm4qIzlzDAT9YGUuq9rYTNCNSLD/view"
"1","quota_exceeded","cmos56xoo019jmjkhjubpc9y0","KTM","690 Supermoto R ingles","2007","Manual de Servico KTM 690 Supermoto R ingles","Google Drive quota exceeded","https://drive.google.com/file/d/1mzj_R-jgdPpjVFunJjdiXf4dp61GMvHv/view"
"1","quota_exceeded","cmos572ju019kmjkhrr2hbm0b","KTM","790 R ingles","2019","Manual de Servico KTM 790 R ingles","Google Drive quota exceeded","https://drive.google.com/file/d/1UQGhQgMwPucOPQz50r7CRcKdhxP2TkqN/view"
"1","quota_exceeded","cmos57ced019mmjkhp5jtpwjm","KTM","950 990 Adventur ingles","2003","Manual de Servico KTM 950 990 Adventur ingles","Google Drive quota exceeded","https://drive.google.com/file/d/1PeWn2DS7j-mVrLTVLB3QfU1rAJC-bjv-/view"
"1","quota_exceeded","cmos57h4k019nmjkh4kadp6hl","KTM","950 990 Super frances","2003","Manual de Servico KTM 950 990 Super frances","Google Drive quota exceeded","https://drive.google.com/file/d/14zSuqMaEAhMhzeCVr6fgx3iJQeqVPqct/view"
"1","quota_exceeded","cmos57nel019omjkhqhrjsml9","KTM","990 ingles","2011","Manual de Servico KTM 990 ingles","Google Drive quota exceeded","https://drive.google.com/file/d/1AjamGd2C3-G8oCgetq452Hf_mMRhwm5i/view"
"1","quota_exceeded","cmos57ytw019qmjkhh9jv712t","KTM","990 SMR ingles","2011","Manual de Servico KTM 990 SMR ingles","Google Drive quota exceeded","https://drive.google.com/file/d/1unmPaRMnkCn0Mzy-uHqF1XN-LFsCMItB/view"
"1","quota_exceeded","cmos57um8019pmjkh57rdr5k3","KTM","990 SMR ingles","2012","Manual de Servico KTM 990 SMR ingles","Google Drive quota exceeded","https://drive.google.com/file/d/11GrkLKsugazFH5orOnogANUpfZZlQk_G/view"
"1","quota_exceeded","cmos5a1l601a3mjkhbravvt2x","KTM","ADV 390 ingles","2021","Manual de Servico KTM ADV 390 ingles","Google Drive quota exceeded","https://drive.google.com/file/d/1E7IB3WnclYA4ymcU5HKpNbR1TFdceNz4/view"
"1","quota_exceeded","cmos5d1cc01almjkhmyoc1dey","KTM","RC 390 ingles","2019","Manual de Servico KTM RC 390 ingles","Google Drive quota exceeded","https://drive.google.com/file/d/1viVpM8H8N26VNqNb-2bIH8MDyx23FLUX/view"
"1","quota_exceeded","cmos5dunh01aqmjkhbma2i6q3","KTM","RS4 250 525 ingles","2003","Manual de Servico KTM RS4 250 525 ingles","Google Drive quota exceeded","https://drive.google.com/file/d/1Ejh3vxdpG4KBsXPkICJp-o5W_GKLu6uJ/view"
"1","quota_exceeded","cmos5evbm01awmjkhulp8o31t","QUADRICICLOS 22 ","CFORCE de Serviço C1000","2000","Manual de Servico QUADRICICLOS 22 CFORCE de Serviço C1000","Google Drive quota exceeded","https://drive.google.com/file/d/1MRnVVOyyC17JZ-OkWmokUY8weolXlZSJ/view"
"1","quota_exceeded","cmos5e6cc01asmjkhkq6lk2pt","QUADRICICLOS 22 ","CFORCE de Serviço C450","2000","Manual de Servico QUADRICICLOS 22 CFORCE de Serviço C450","Google Drive quota exceeded","https://drive.google.com/file/d/1ixrzuQjxqYb2niwW2J7rV6nWeCol4HiB/view"
"1","quota_exceeded","cmos5eavr01atmjkhtuf2y2lq","QUADRICICLOS 22 ","CFORCE de Serviço C520","2000","Manual de Servico QUADRICICLOS 22 CFORCE de Serviço C520","Google Drive quota exceeded","https://drive.google.com/file/d/1Xs5hk359HqyqrnQKN0MAtCgV5aXW2jY2/view"
"1","quota_exceeded","cmos5ehwr01aumjkhl35deo3t","QUADRICICLOS 22 ","CFORCE de Serviço C550","2000","Manual de Servico QUADRICICLOS 22 CFORCE de Serviço C550","Google Drive quota exceeded","https://drive.google.com/file/d/13FwUQYXvQecx3vo2ZUF0KAtPyfAA-ViX/view"
"1","quota_exceeded","cmos5enxv01avmjkhwk3ez7kg","QUADRICICLOS 22 ","CFORCE de Serviço C600","2000","Manual de Servico QUADRICICLOS 22 CFORCE de Serviço C600","Google Drive quota exceeded","https://drive.google.com/file/d/1BEFCQ6EMmZZK1PwzoyyNRtZNvRvSXKIf/view"
"1","quota_exceeded","cmos5dyqb01armjkhtxvttpj8","QUADRICICLOS 22 ","CFORCE de Serviço C625","2000","Manual de Servico QUADRICICLOS 22 CFORCE de Serviço C625","Google Drive quota exceeded","https://drive.google.com/file/d/1obsb5n-sXc08rVihRaPJMPa3TIEHQ36u/view"
"1","quota_exceeded","cmos5f4l201aymjkhv1rkgylh","QUADRICICLOS 22 ","CFORCE de Serviço U1000","2000","Manual de Servico QUADRICICLOS 22 CFORCE de Serviço U1000","Google Drive quota exceeded","https://drive.google.com/file/d/1uGYWcDUSU1Nz_eziNVM33ErKnffWYge7/view"
"1","quota_exceeded","cmos5f0kb01axmjkhpf7fmplc","QUADRICICLOS 22 ","CFORCE de Serviço U550","2000","Manual de Servico QUADRICICLOS 22 CFORCE de Serviço U550","Google Drive quota exceeded","https://drive.google.com/file/d/1QjcFoa4NLUzTi2nT2PMEv--Yoi-Ho-Bn/view"
"1","quota_exceeded","cmos5fw6x01b3mjkhc4agjuy5","QUADRICICLOS 22 ","CFORCE de Serviço Z1000","2000","Manual de Servico QUADRICICLOS 22 CFORCE de Serviço Z1000","Google Drive quota exceeded","https://drive.google.com/file/d/1heDuIwDUf4eU_syvkqqL8NuODU5CGD5r/view"
"1","quota_exceeded","cmos5fmqp01b1mjkhdwp2ph6l","QUADRICICLOS 22 ","CFORCE de Serviço Z1000 eps","2000","Manual de Servico QUADRICICLOS 22 CFORCE de Serviço Z1000 eps","Google Drive quota exceeded","https://drive.google.com/file/d/1aFvOAKfzwklfMfiqjuPNbgAIrDKqzuCV/view"
"1","quota_exceeded","cmos5frwc01b2mjkh6y9hmfmt","QUADRICICLOS 22 ","CFORCE de Serviço Z1000 Sport","2000","Manual de Servico QUADRICICLOS 22 CFORCE de Serviço Z1000 Sport","Google Drive quota exceeded","https://drive.google.com/file/d/1gAhd-aSOnG4deNa_cH3oNjuN9pKo-iuY/view"
"1","quota_exceeded","cmos5fbbw01azmjkhasizpuyg","QUADRICICLOS 22 ","CFORCE de Serviço Z550","2000","Manual de Servico QUADRICICLOS 22 CFORCE de Serviço Z550","Google Drive quota exceeded","https://drive.google.com/file/d/1ZSX-DqCAKKzEDyScsX9maQOr4oRDlMud/view"
"1","quota_exceeded","cmos5ffcc01b0mjkh5offd1c5","QUADRICICLOS 22 ","CFORCE de Serviço Z800","2000","Manual de Servico QUADRICICLOS 22 CFORCE de Serviço Z800","Google Drive quota exceeded","https://drive.google.com/file/d/1nBoNbgBgdAd8fy1gKRtx1cVovU12Fmq3/view"
"1","quota_exceeded","cmos6dsgb01gumjkhfq5n0uxi","Referência","360287900 bobinas de motos pdf 1","2000","Manual de Servico Referência 360287900 bobinas de motos pdf 1","Google Drive quota exceeded","https://drive.google.com/file/d/1164Gp_Hh6YUvaausiBJYyFFU2GlLrfWG/view"
"1","quota_exceeded","cmos6cuo101gomjkhua7gv99q","Referência","de aplicacao de velas em motos NGK","2018","Manual de Servico Referência de aplicacao de velas em motos NGK","Google Drive quota exceeded","https://drive.google.com/file/d/1j19iEwcxmq0R0MNb2d5f9yI1KKlgBuf-/view"
"1","quota_exceeded","cmos6d0a601gpmjkh1gm0fin2","Referência","DE GICLES","2000","Manual de Servico Referência DE GICLES","Google Drive quota exceeded","https://drive.google.com/file/d/1crQjtLW4XiuHwahnFvpDW-gX_uA6Sb_l/view"
"1","quota_exceeded","cmos6dizw01gsmjkhea67oa31","Referência","GUIA oleo de suspensao","2021","Manual de Servico Referência GUIA oleo de suspensao","Google Drive quota exceeded","https://drive.google.com/file/d/1trFY7lmfnC0wR2D2hZkY2VZ_BevmBe7A/view"
"1","quota_exceeded","cmos6e50w01gwmjkhqcji8bcd","Referência","TORQUE SUSPENÇAO FOLGA VALVULAS","2000","Manual de Servico Referência TORQUE SUSPENÇAO FOLGA VALVULAS","Google Drive quota exceeded","https://drive.google.com/file/d/1ajjb2nX5qWDi7PqwcgWeK5t_-nxP6gUB/view"
"1","quota_exceeded","cmos6cqd601gnmjkh40qlyyis","Referência","VELAS E SONDA LAMPDA","2000","Manual de Servico Referência VELAS E SONDA LAMPDA","Google Drive quota exceeded","https://drive.google.com/file/d/1R5TUMezNwM5ZLSS9_SOLS6_NFyAThpEF/view"
"1","quota_exceeded","cmos5kpc601bwmjkh2w3bn6cz","Royal Enfield","350 CLASSIC 21 23 ingles","2000","Manual de Servico Royal Enfield 350 CLASSIC 21 23 ingles","Google Drive quota exceeded","https://drive.google.com/file/d/1Bu9xvve0JANctav4f9SrcbiF45qI-l3w/view"
"1","quota_exceeded","cmos5i5u601bhmjkhgv2ck9m3","Royal Enfield","ABS a ingles","2018","Manual de Servico Royal Enfield ABS a ingles","Google Drive quota exceeded","https://drive.google.com/file/d/1LcoFOsiijiKpRPsO84gQ49yR0TCqrzpP/view"
"1","quota_exceeded","cmos5iczf01bimjkh1k3g27oz","Royal Enfield","ABS a ingles","2018","Manual de Servico Royal Enfield ABS a ingles","Google Drive quota exceeded","https://drive.google.com/file/d/15rsSGEjTZJBbPGPtwLC1sdX-J8GrLzof/view"
"1","quota_exceeded","cmos5hz8001bgmjkh53phk6dw","Royal Enfield","ABS INJEÇÃO","2018","Manual de Servico Royal Enfield ABS INJEÇÃO","Google Drive quota exceeded","https://drive.google.com/file/d/1hfDN39vDuwqyyxLTpsvT5vfiM-LrTsV5/view"
"1","quota_exceeded","cmos5hn1a01bemjkhqg2yk6cb","Royal Enfield","BS VI Add on ingles","2018","Manual de Servico Royal Enfield BS VI Add on ingles","Google Drive quota exceeded","https://drive.google.com/file/d/1wTeCPQcLZJ5imTW6Hp3rh5hEtpW03nLm/view"
"1","quota_exceeded","cmos5itvo01blmjkhmvtf3z0f","Royal Enfield","Bullet","1995","Manual de Servico Royal Enfield Bullet","Google Drive quota exceeded","https://drive.google.com/file/d/1aBAGvFhFg0bss2fFuDl7nMRWSFDVQg7u/view"
"1","quota_exceeded","cmos5ixts01bmmjkh9k4p0yro","Royal Enfield","Bullet 350","2010","Manual de Servico Royal Enfield Bullet 350","Google Drive quota exceeded","https://drive.google.com/file/d/1-blLKFziPhNc_ErQfjnWqrBWwUsig9kr/view"
"1","quota_exceeded","cmos5jslx01brmjkhk3hdj3p6","Royal Enfield","Bullet 350 ES","2000","Manual de Servico Royal Enfield Bullet 350 ES","Google Drive quota exceeded","https://drive.google.com/file/d/1ZyGzsexVNyEAt--TCkVscq7gq9obhIbr/view"
"1","quota_exceeded","cmos5jz8z01bsmjkhidzr1aue","Royal Enfield","Bullet 350 Twinspark","2006","Manual de Servico Royal Enfield Bullet 350 Twinspark","Google Drive quota exceeded","https://drive.google.com/file/d/1IsimPQPFuBx2VTHT5gWG_GosA7aBDCqq/view"
"1","quota_exceeded","cmos5kbok01bumjkhewnjiglo","Royal Enfield","Bullet Bullet 500","2013","Manual de Servico Royal Enfield Bullet Bullet 500","Google Drive quota exceeded","https://drive.google.com/file/d/1hMYBM6aqPuyi3ThEVqFsWdl5sp0_ZH8w/view"
"1","quota_exceeded","cmos5kic701bvmjkhsbtrkvob","Royal Enfield","BULLET ELECTRA","2000","Manual de Servico Royal Enfield BULLET ELECTRA","Google Drive quota exceeded","https://drive.google.com/file/d/1-CVrzlA2gEHmgU9ToIwl1VfvTwd3BtSm/view"
"1","quota_exceeded","cmos5j4jd01bnmjkh8kzk7pny","Royal Enfield","Bullet Electra 350","2010","Manual de Servico Royal Enfield Bullet Electra 350","Google Drive quota exceeded","https://drive.google.com/file/d/1WAjgaaAhfReNWz4FC4A9KHXWCpX2ITDv/view"
"1","quota_exceeded","cmos5l8xp01bzmjkhk3qbf2s0","Royal Enfield","BULLET Electra 500 04 08 ingles","2000","Manual de Servico Royal Enfield BULLET Electra 500 04 08 ingles","Google Drive quota exceeded","https://drive.google.com/file/d/1COJHWbqgtE1sWtfAoT9YkyX8cKNeyVJE/view"
"1","quota_exceeded","cmos5k4be01btmjkhxa5f08ip","Royal Enfield","Bullet Electra, Twinspark,","2006","Manual de Servico Royal Enfield Bullet Electra, Twinspark,","Google Drive quota exceeded","https://drive.google.com/file/d/1IH7LzE8uMV-2dSy3AjDfdPn2F45mzA3H/view"
"1","quota_exceeded","cmos5impj01bkmjkhjnidghon","Royal Enfield","Bullet350 Twinspark Owner Manual","2000","Manual de Servico Royal Enfield Bullet350 Twinspark Owner Manual","Google Drive quota exceeded","https://drive.google.com/file/d/11UH2qAfpK4Zg12m-EKOyguEBCRpxTNcI/view"
"1","quota_exceeded","cmos5jir401bpmjkhxcn3f6zx","Royal Enfield","Classic 500","2011","Manual de Servico Royal Enfield Classic 500","Google Drive quota exceeded","https://drive.google.com/file/d/1IOt-pe1kKlWHcLuqIne6cRX_51BDYgFt/view"
"1","quota_exceeded","cmos5lm0101c1mjkhzyn89hmn","Royal Enfield","HIMALYAN CHASSIS 411cc 18 20 ingles","2000","Manual de Servico Royal Enfield HIMALYAN CHASSIS 411cc 18 20 ingles","Google Drive quota exceeded","https://drive.google.com/file/d/1dk6wL0xHfmxjYHpl2lXhNIRoMBNvXIs2/view"
"1","quota_exceeded","cmos5jop201bqmjkhz8eoc15v","Royal Enfield","MANUAIS DE USUARIOS","2013","Manual de Servico Royal Enfield MANUAIS DE USUARIOS","Google Drive quota exceeded","https://drive.google.com/file/d/1qfJWNnRujOUdv4SOoZjVJkzkOkjV900q/view"
"1","quota_exceeded","cmos5lgn401c0mjkh4rxk1kxv","Royal Enfield","MOTOR 410 portugues","2017","Manual de Servico Royal Enfield MOTOR 410 portugues","Google Drive quota exceeded","https://drive.google.com/file/d/1obUmky55FY91Vtjs4H0dH-b5kCz1cG7s/view"
"1","quota_exceeded","cmos5hu0c01bfmjkh0i0u35vo","Royal Enfield","sem Abs carburada","2018","Manual de Servico Royal Enfield sem Abs carburada","Google Drive quota exceeded","https://drive.google.com/file/d/1oKhlZiydvAC5wI7DFs1ED-z1z_orBFDJ/view"
"1","quota_exceeded","cmos5jc4201bomjkhg3yms7tn","Royal Enfield","Thunderbird Twinspark","2010","Manual de Servico Royal Enfield Thunderbird Twinspark","Google Drive quota exceeded","https://drive.google.com/file/d/1-c_bPIq9rHBdjJiBEUzro4HaKfVoY4Sm/view"
"1","quota_exceeded","cmos5mbh501c5mjkhjfazzok2","SUNDOWN 06 MANUAIS","SUNDOWN MAX 125. DE PEÇAS","2000","Catalogo de Pecas SUNDOWN 06 MANUAIS SUNDOWN MAX 125. DE PEÇAS","Google Drive quota exceeded","https://drive.google.com/file/d/18qQ0h-xwjTmsRC8Qqm8BCBNHNeDzgh7-/view"
"1","quota_exceeded","cmos5lxj501c3mjkhbfss5jlg","SUNDOWN 06 MANUAIS","SUNDOWN FUTURE 125","2000","Manual de Servico SUNDOWN 06 MANUAIS SUNDOWN FUTURE 125","Google Drive quota exceeded","https://drive.google.com/file/d/1XA5vasmORlEB6I_sWHOETCUyKqq7N8iO/view"
"1","quota_exceeded","cmos5m52501c4mjkhxdrjkd59","SUNDOWN 06 MANUAIS","SUNDOWN HUNTER 90","2000","Manual de Servico SUNDOWN 06 MANUAIS SUNDOWN HUNTER 90","Google Drive quota exceeded","https://drive.google.com/file/d/1dKHgpIMcKJSYfmlmTp0D0qJ6O5LMj7WC/view"
"1","quota_exceeded","cmos5mg1401c6mjkh8udn5usd","SUNDOWN 06 MANUAIS","SUNDOWN STX 200 E MOTARD","2000","Manual de Servico SUNDOWN 06 MANUAIS SUNDOWN STX 200 E MOTARD","Google Drive quota exceeded","https://drive.google.com/file/d/1EboADYUQhlp7FQAzdAajIERc0OIbIqKF/view"
"1","quota_exceeded","cmos5mnkq01c7mjkhucqfwt6j","SUNDOWN 06 MANUAIS","SUNDOWN VBLADE 250","2000","Manual de Servico SUNDOWN 06 MANUAIS SUNDOWN VBLADE 250","Google Drive quota exceeded","https://drive.google.com/file/d/16VDF12iiVSCYpqQpMQYmjQ4aSt-bgjWc/view"
"1","quota_exceeded","cmos5mus601c8mjkhi7fvelal","SUNDOWN 06 MANUAIS","SUNDOWN WEB 100 EVO","2008","Manual de Servico SUNDOWN 06 MANUAIS SUNDOWN WEB 100 EVO","Google Drive quota exceeded","https://drive.google.com/file/d/1Wq47VLpJqpvqhBxfrLFNBHzC7NrVJW2Q/view"
"1","quota_exceeded","cmos5vdrh01dnmjkh1i9zt6mn","Suzuki","1100 79 83 ingles","2000","Manual de Servico Suzuki 1100 79 83 ingles","Google Drive quota exceeded","https://drive.google.com/file/d/1JF_b3N5kUtGAoizTvgHHMPmfVi6KfWB7/view"
"1","quota_exceeded","cmos5vkuv01domjkhdfubmuit","Suzuki","1100 GS1150 84 86 ingles","2000","Manual de Servico Suzuki 1100 GS1150 84 86 ingles","Google Drive quota exceeded","https://drive.google.com/file/d/1CouwZwwV6VMHCAxHnNNVrkqiEbB4YbIb/view"
"1","quota_exceeded","cmos5vq4a01dpmjkhszsd9jvs","Suzuki","1300 BK k8 ingles","2008","Manual de Servico Suzuki 1300 BK k8 ingles","Google Drive quota exceeded","https://drive.google.com/file/d/11i6jh-XEwZGnQ677xvp32d4wye5eeB20/view"
"1","quota_exceeded","cmos5vvzb01dqmjkhtnlksdtp","Suzuki","1300R HAYABUSA ingles","2007","Manual de Servico Suzuki 1300R HAYABUSA ingles","Google Drive quota exceeded","https://drive.google.com/file/d/1oF8BJFJShfpE20A61XgCBhuVRPIzmF1B/view"
"1","quota_exceeded","cmos5w0ba01drmjkh146z2qsy","Suzuki","1300R K8 1300R K9 ingles","2000","Manual de Servico Suzuki 1300R K8 1300R K9 ingles","Google Drive quota exceeded","https://drive.google.com/file/d/1uL6KVEEeUMMJc4XeZ8wvbzJT_-UL6A4A/view"
"1","quota_exceeded","cmos5w4vl01dsmjkhpdhv3fr6","Suzuki","1300R RA ingles","2008","Manual de Servico Suzuki 1300R RA ingles","Google Drive quota exceeded","https://drive.google.com/file/d/1QmrI_2I7wzzuhKFsp6gL8ewinjIeTQAP/view"
"1","quota_exceeded","cmos5uwvf01dkmjkhylr5shmo","Suzuki","650F ingles","2008","Manual de Servico Suzuki 650F ingles","Google Drive quota exceeded","https://drive.google.com/file/d/1VS_V3Z2llKNMsv_9iYTpBXZzxcDUHU-Y/view"
"1","quota_exceeded","cmos5v8lj01dmmjkhqbl562ol","Suzuki","750F 98 05 ingles","2000","Manual de Servico Suzuki 750F 98 05 ingles","Google Drive quota exceeded","https://drive.google.com/file/d/1llKF8wppT1mze_7IMSlG-rVS-qq7NH88/view"
"1","quota_exceeded","cmos5v41f01dlmjkhgz78gmsq","Suzuki","750F W K4 ingles","2004","Manual de Servico Suzuki 750F W K4 ingles","Google Drive quota exceeded","https://drive.google.com/file/d/1l2UwHRiBNetQ7wEfVd38iCkas0TZsrTV/view"
"1","quota_exceeded","cmos5n7h901camjkh89i5xfax","Suzuki","ATUAL DL1000K4","2000","Manual de Servico Suzuki ATUAL DL1000K4","Google Drive quota exceeded","https://drive.google.com/file/d/1ZWhY1df1hp26HN7v5JznLsl9qI1kSwMZ/view"
"1","quota_exceeded","cmos5oybb01clmjkhm8meac41","Suzuki","BURGMAM AN 125 04 08 portugues","2000","Manual de Servico Suzuki BURGMAM AN 125 04 08 portugues","Google Drive quota exceeded","https://drive.google.com/file/d/1jeIT7vSjGgf4_inl6H6vFhvS2eykRtnS/view"
"1","quota_exceeded","cmos5p48n01cmmjkhogcw22lv","Suzuki","BURGMAM AN400 07 09 ingles","2000","Manual de Servico Suzuki BURGMAM AN400 07 09 ingles","Google Drive quota exceeded","https://drive.google.com/file/d/1dWrW4LStIiIUkR6dm-_-ZMvNP188QbBN/view"
"1","quota_exceeded","cmos5paz301cnmjkho0refsyn","Suzuki","BURGMAM AN400 99 03 portugues","2000","Manual de Servico Suzuki BURGMAM AN400 99 03 portugues","Google Drive quota exceeded","https://drive.google.com/file/d/13d-zEfJFrn8dkT_AZJ5K-Uz41-VdxY_f/view"
"1","quota_exceeded","cmos5ptk401cqmjkhla4mgkwg","Suzuki","DL 1000 ingles","2002","Manual de Servico Suzuki DL 1000 ingles","Google Drive quota exceeded","https://drive.google.com/file/d/1PkhNPqbXXji7lRFJ-jMGm6gtxrPLdlj3/view"
"1","quota_exceeded","cmos5pyw001crmjkh4r2u8ibp","Suzuki","DL 1000 PORTUGUES","2002","Manual de Servico Suzuki DL 1000 PORTUGUES","Google Drive quota exceeded","https://drive.google.com/file/d/1ugCqo6aliIXqN6CsiTa2K8zcxoH6QgIF/view"
"1","quota_exceeded","cmos5noeh01cdmjkhrcjhe4pv","Suzuki","DL 1000 portugues 001 115 .en.pt","2002","Manual de Servico Suzuki DL 1000 portugues 001 115 .en.pt","Google Drive quota exceeded","https://drive.google.com/file/d/12JWNikSclUzxlHWee6FkNgg2uiaaJ-0j/view"
"1","quota_exceeded","cmos5nutk01cemjkhbbhbz25m","Suzuki","DL 1000 portugues 116 232 .en.pt","2002","Manual de Servico Suzuki DL 1000 portugues 116 232 .en.pt","Google Drive quota exceeded","https://drive.google.com/file/d/1h4AvQeQyHeQdMibP-a9zeOZWrqJBykD1/view"
"1","quota_exceeded","cmos5nyyu01cfmjkhq259beyw","Suzuki","DL 1000 portugues 233 347 .en.pt","2002","Manual de Servico Suzuki DL 1000 portugues 233 347 .en.pt","Google Drive quota exceeded","https://drive.google.com/file/d/1FWSKpW_v13pR96JqbqPGO6kbKn2o5TUs/view"
"1","quota_exceeded","cmos5o4su01cgmjkh6j0rugn7","Suzuki","DL 1000 portugues 347 444 .en.pt 2","2002","Manual de Servico Suzuki DL 1000 portugues 347 444 .en.pt 2","Google Drive quota exceeded","https://drive.google.com/file/d/1TV-ZVBjc4pVNqu4b7oUJ0hL_GnNXP6oZ/view"
"1","quota_exceeded","cmos5qd1f01ctmjkhgig5yb9c","Suzuki","DL 650 espanhol","2017","Manual de Servico Suzuki DL 650 espanhol","Google Drive quota exceeded","https://drive.google.com/file/d/1P_XVR-QgdCweIEX-hdCBZuBCfbagQ5jy/view"
"1","quota_exceeded","cmos5phjs01comjkhgxon4dmd","Suzuki","DL 650 VSTORM ingles","2003","Manual de Servico Suzuki DL 650 VSTORM ingles","Google Drive quota exceeded","https://drive.google.com/file/d/18RDSdqBOmfGe261oaEYabMdmVGn1KH26/view"
"1","quota_exceeded","cmos5pnmp01cpmjkhucgje02b","Suzuki","DL 650 VStrom ingles","2009","Manual de Servico Suzuki DL 650 VStrom ingles","Google Drive quota exceeded","https://drive.google.com/file/d/1BMfoBtpZx7XvRmCddlxiyHRV8n8HIQBM/view"
"1","quota_exceeded","cmos5r5zs01cymjkh3n11v458","Suzuki","DL1000 01 02 ingles","2000","Manual de Servico Suzuki DL1000 01 02 ingles","Google Drive quota exceeded","https://drive.google.com/file/d/1ffSq7YIWFYLPUyQpe0sztbhJ0OKUUaMW/view"
"1","quota_exceeded","cmos5rcsy01czmjkhy2csp8i6","Suzuki","DL1000 ingles","2002","Manual de Servico Suzuki DL1000 ingles","Google Drive quota exceeded","https://drive.google.com/file/d/1MH_NAphdEWmIBxHsV66gn8jgiQ7bMEZw/view"
"1","quota_exceeded","cmos5qjhv01cumjkha0bfj3c9","Suzuki","DL650 ingles","2017","Manual de Servico Suzuki DL650 ingles","Google Drive quota exceeded","https://drive.google.com/file/d/1EVAItijXDS6w8ukW1GUgFd25oNbQ6Yeo/view"
"1","quota_exceeded","cmos5qoxy01cvmjkhjfhxr6kt","Suzuki","DL650 VStrom ingles","2005","Manual de Servico Suzuki DL650 VStrom ingles","Google Drive quota exceeded","https://drive.google.com/file/d/12zai2aghkTaxLKdt11u0j_fNdkyLQN-4/view"
"1","quota_exceeded","cmos5quc901cwmjkhj2jivzig","Suzuki","DL650A XA ingles","2017","Manual de Servico Suzuki DL650A XA ingles","Google Drive quota exceeded","https://drive.google.com/file/d/1hvH_kTMzF1kiXISgJDYQ0Qk8R21kQ5EM/view"
"1","quota_exceeded","cmos5r10m01cxmjkhq3w8hgxh","Suzuki","DL650A. ESPANHOL","2012","Manual de Servico Suzuki DL650A. ESPANHOL","Google Drive quota exceeded","https://drive.google.com/file/d/1BgV2qCrL9ZC3vClbyoKHUuwEOIV574B8/view"
"1","quota_exceeded","cmos5ri3g01d0mjkhzukxy7ih","Suzuki","DR 650SE 96 01 ingles","2000","Manual de Servico Suzuki DR 650SE 96 01 ingles","Google Drive quota exceeded","https://drive.google.com/file/d/1Y8BMNW20ej0GRezezm3dkyAH2hCK5Uvj/view"
"1","quota_exceeded","cmos5rpjj01d1mjkhhfsskn5x","Suzuki","DR 750 800 Big 89 97 ingles","2000","Manual de Servico Suzuki DR 750 800 Big 89 97 ingles","Google Drive quota exceeded","https://drive.google.com/file/d/11sAs-5iPy509yR_bchBEAhPG-MgWX8ER/view"
"1","quota_exceeded","cmos5ru6201d2mjkhriebqvhj","Suzuki","DRZ400 S SM a ingles","2000","Manual de Servico Suzuki DRZ400 S SM a ingles","Google Drive quota exceeded","https://drive.google.com/file/d/1i9P00n98XomXf1IEyC8yNnhzdy1LgduI/view"
"1","quota_exceeded","cmos5s1s001d3mjkh4mqiv3mk","Suzuki","GFS1200S BANDIT 00 04 ingles","2000","Manual de Servico Suzuki GFS1200S BANDIT 00 04 ingles","Google Drive quota exceeded","https://drive.google.com/file/d/1v_tlVz05i5X4zS0uw3vMr8UdFbo_LRu0/view"
"1","quota_exceeded","cmos5s99t01d4mjkh21lynmyw","Suzuki","GS 500 E 89 ingles","2000","Manual de Servico Suzuki GS 500 E 89 ingles","Google Drive quota exceeded","https://drive.google.com/file/d/1HjkQPBkFKSPQTtAAn-KY4Osb0U0FFSds/view"
"1","quota_exceeded","cmos5sfql01d5mjkhwhztz05i","Suzuki","GS 500 E F 89 09 ingles","2000","Manual de Servico Suzuki GS 500 E F 89 09 ingles","Google Drive quota exceeded","https://drive.google.com/file/d/19XDjmT40UeEr1gsZtyPYhDjiCeFEipRj/view"
"1","quota_exceeded","cmos5skxz01d6mjkh2lgo0yzv","Suzuki","GS 500E 89 99 ingles","2000","Manual de Servico Suzuki GS 500E 89 99 ingles","Google Drive quota exceeded","https://drive.google.com/file/d/1UR66BLgmBqokZBMG76Ovyn0bM9NJBRik/view"
"1","quota_exceeded","cmos5sp6l01d7mjkhc75whgou","Suzuki","GS 500E 99 00 ingles","2000","Manual de Servico Suzuki GS 500E 99 00 ingles","Google Drive quota exceeded","https://drive.google.com/file/d/1UttXgcpS2pRbe4iwIn86PAaXKroEr6On/view"
"1","quota_exceeded","cmos5stpj01d8mjkhmc59wq4g","Suzuki","GS 750 ingles","1976","Manual de Servico Suzuki GS 750 ingles","Google Drive quota exceeded","https://drive.google.com/file/d/1MoDOjxcBK7tnTGcbBcl49Ssq03Pbt_nq/view"
"1","quota_exceeded","cmos5tkce01dcmjkh6cxeikl7","Suzuki","GSF 1200 K6 S 01E ingles","2005","Manual de Servico Suzuki GSF 1200 K6 S 01E ingles","Google Drive quota exceeded","https://drive.google.com/file/d/1854OTioZii2-OvKjCMKSYXvAcvAs_5WZ/view"
"1","quota_exceeded","cmos5trl001ddmjkh5a60o3ko","Suzuki","GSF 1200 S 96 99 ingles","2000","Manual de Servico Suzuki GSF 1200 S 96 99 ingles","Google Drive quota exceeded","https://drive.google.com/file/d/1-kEJiKdfVPueBhx7ZqqNHVp4RN3MXynV/view"
"1","quota_exceeded","cmos5tz4e01demjkh0tqxru2r","Suzuki","GSF 1200 S ingles","2001","Manual de Servico Suzuki GSF 1200 S ingles","Google Drive quota exceeded","https://drive.google.com/file/d/1Hdoc0KGd-XrWi8vsStbjv6nIKvKJ9wcO/view"
"1","quota_exceeded","cmos5u5w601dfmjkh5yi1ru0y","Suzuki","GSF 1250 ingles","2007","Manual de Servico Suzuki GSF 1250 ingles","Google Drive quota exceeded","https://drive.google.com/file/d/1iKgfQ8BTgnF6tUQL5t9s3XdORQadd6o-/view"
"1","quota_exceeded","cmos5t02701d9mjkh0qa48xnl","Suzuki","GSF 650 S ingles","2004","Manual de Servico Suzuki GSF 650 S ingles","Google Drive quota exceeded","https://drive.google.com/file/d/1HURVXyxAzfK_kHkgGizxsV_G8qceMTNS/view"
"1","quota_exceeded","cmos5t7i301damjkhl0uxazq4","Suzuki","GSF 650A BANDIT 05 09 ingles","2000","Manual de Servico Suzuki GSF 650A BANDIT 05 09 ingles","Google Drive quota exceeded","https://drive.google.com/file/d/1kY7CaVR_chatib35vBz0AIAc30cZxn1L/view"
"1","quota_exceeded","cmos5tek401dbmjkh2mkms6w7","Suzuki","GSF 650K7 ingles","2007","Manual de Servico Suzuki GSF 650K7 ingles","Google Drive quota exceeded","https://drive.google.com/file/d/1KfLBaXX05mMIN-SD5qaTCtnP57fII3AI/view"
"1","quota_exceeded","cmos5ucfh01dgmjkhuqctxacu","Suzuki","GSF1200 Bandit ingles","1996","Manual de Servico Suzuki GSF1200 Bandit ingles","Google Drive quota exceeded","https://drive.google.com/file/d/1y8o3yAk3st-75HYYc5Zv1MXrEacWaWKU/view"
"1","quota_exceeded","cmos5uhmy01dhmjkhsk6n0f5e","Suzuki","GSF1200K6 S 01E","2000","Manual de Servico Suzuki GSF1200K6 S 01E","Google Drive quota exceeded","https://drive.google.com/file/d/1JVTk_r7dafmd14GGgyDfWkEVDo-AQQWH/view"
"1","quota_exceeded","cmos5um3701dimjkhe6iish1q","Suzuki","GSR 600 espanhol","2005","Manual de Servico Suzuki GSR 600 espanhol","Google Drive quota exceeded","https://drive.google.com/file/d/1vPONMFQCgV9jJpCYWHDvj-o-Y_eAqjeD/view"
"1","quota_exceeded","cmos5uqxt01djmjkh49ezww4q","Suzuki","GSR 750 ingles","2011","Manual de Servico Suzuki GSR 750 ingles","Google Drive quota exceeded","https://drive.google.com/file/d/1YG4-qyBTvP4kD6Hun71LS3NIm3b6Ksos/view"
"1","quota_exceeded","cmos5xfqs01e1mjkhxjgnpirg","Suzuki","GSXR 1000 k9 ingles","2009","Manual de Servico Suzuki GSXR 1000 k9 ingles","Google Drive quota exceeded","https://drive.google.com/file/d/18dSEZXzAhLeXt17AYh1chiCvvmX6w_2g/view"
"1","quota_exceeded","cmos5xlmr01e2mjkhuve36wdk","Suzuki","GSXR 1100 89 92 ingles","2000","Manual de Servico Suzuki GSXR 1100 89 92 ingles","Google Drive quota exceeded","https://drive.google.com/file/d/18GYzlNjmJiUoFOljrqdDzAI_-4dzmQ2F/view"
"1","quota_exceeded","cmos5xr5l01e3mjkh1vs1cobe","Suzuki","GSXR 1100W 93 98 ingles","2000","Manual de Servico Suzuki GSXR 1100W 93 98 ingles","Google Drive quota exceeded","https://drive.google.com/file/d/1tl7JH_RUCjBXncYh2PhyQYX4Tl_UMYfh/view"
"1","quota_exceeded","cmos5y45i01e5mjkh8wjflvx7","Suzuki","GSXR 1300 Hayabusa K8. K9 ingles","2008","Manual de Servico Suzuki GSXR 1300 Hayabusa K8. K9 ingles","Google Drive quota exceeded","https://drive.google.com/file/d/1o-abOlJt2qfXxPHnkqTOpNrLOIIXENiM/view"
"1","quota_exceeded","cmos5wu4e01dxmjkh0s1iqjad","Suzuki","GSXR 750 ingles","2007","Manual de Servico Suzuki GSXR 750 ingles","Google Drive quota exceeded","https://drive.google.com/file/d/1ribAKFyiWA4VH8hNRD8TQF-8GFIYibSR/view"
"1","quota_exceeded","cmos5wzrm01dymjkhhbslvdcz","Suzuki","GSXR 750 K8 K9 ingles","2008","Manual de Servico Suzuki GSXR 750 K8 K9 ingles","Google Drive quota exceeded","https://drive.google.com/file/d/1G6rj6vHISR6heBvNc99sN2SNuKqlBQdF/view"
"1","quota_exceeded","cmos5x79q01dzmjkhv68afguo","Suzuki","GSXR 750 Srad ingles","2011","Manual de Servico Suzuki GSXR 750 Srad ingles","Google Drive quota exceeded","https://drive.google.com/file/d/1Dav-aXimi3HBnT37XuIaPJ_Vd7mAuCGk/view"
"1","quota_exceeded","cmos5xb6e01e0mjkhlpb3sfgf","Suzuki","GSXR 750 SRAD ingles","2010","Manual de Servico Suzuki GSXR 750 SRAD ingles","Google Drive quota exceeded","https://drive.google.com/file/d/1Rib86M6SG9ZyQRClbd3IAIcaN6OmrHD1/view"
"1","quota_exceeded","cmos5yaaj01e6mjkhuv5crdd4","Suzuki","GW 250 L3 espanhol","2013","Manual de Servico Suzuki GW 250 L3 espanhol","Google Drive quota exceeded","https://drive.google.com/file/d/1VbTawqWfRrVRbpB0Gm8t2uey0-BbwFc-/view"
"1","quota_exceeded","cmos5yhe901e7mjkh2l59hzb6","Suzuki","INTRUDER 125 portugues","2000","Manual de Servico Suzuki INTRUDER 125 portugues","Google Drive quota exceeded","https://drive.google.com/file/d/1ppgIK3BIJPMnd8ElW3eB6ymMmz3BrHcr/view"
"1","quota_exceeded","cmos5youy01e8mjkhlpnd51ub","Suzuki","INTRUDER 250 ingles","2000","Manual de Servico Suzuki INTRUDER 250 ingles","Google Drive quota exceeded","https://drive.google.com/file/d/1azF6MDvlvGVapGs0RNeyKb6yZHS87q-o/view"
"1","quota_exceeded","cmos5yuu101e9mjkh2046igwt","Suzuki","INTRUDER GN 250 82 83 ingles","2000","Manual de Servico Suzuki INTRUDER GN 250 82 83 ingles","Google Drive quota exceeded","https://drive.google.com/file/d/1onRfL8Zzeyg1JAxg8j8i5EdKPeqH22yo/view"
"1","quota_exceeded","cmos5od5i01cimjkhaah4dhno","Suzuki","M1500 M90 VL1500 ingles","2009","Manual de Servico Suzuki M1500 M90 VL1500 ingles","Google Drive quota exceeded","https://drive.google.com/file/d/1x4ZVCQfs-aMohDYbeixJyTie9XTS3CDR/view"
"1","quota_exceeded","cmos5o8vh01chmjkhgn7jsz7s","Suzuki","M800 ingles","2005","Manual de Servico Suzuki M800 ingles","Google Drive quota exceeded","https://drive.google.com/file/d/1ByVPM9w7gFAZb4Tvnb_9tYEJ7w_c3dIG/view"
"1","quota_exceeded","cmos5w97w01dtmjkh7nyq64n2","Suzuki","R 750 ingles","2006","Manual de Servico Suzuki R 750 ingles","Google Drive quota exceeded","https://drive.google.com/file/d/1AiSGUNt0GuvBoiFEcA-IaGb_pt_5sXR3/view"
"1","quota_exceeded","cmos5weoa01dumjkhah9xiuus","Suzuki","R1000 ingles","2009","Manual de Servico Suzuki R1000 ingles","Google Drive quota exceeded","https://drive.google.com/file/d/114M8VeurjOFb0kp3Sf7T8g1VVUckTvtU/view"
"1","quota_exceeded","cmos5zeev01ecmjkh7houy9so","Suzuki","RM Z 450 ingles","2009","Manual de Servico Suzuki RM Z 450 ingles","Google Drive quota exceeded","https://drive.google.com/file/d/11Fm28v42oMym2ng5GAfIC5TpYbrc0lVM/view"
"1","quota_exceeded","cmos5zrmg01eemjkhvewr5jrx","Suzuki","SAVAGE 650 86 04 ingles","2000","Manual de Servico Suzuki SAVAGE 650 86 04 ingles","Google Drive quota exceeded","https://drive.google.com/file/d/12MdgZymisfWSe2OpvZCGO16mg4TeOEYG/view"
"1","quota_exceeded","cmos5okkf01cjmjkhaxksoqua","Suzuki","VL C1500K5 ingles 05","2000","Manual de Servico Suzuki VL C1500K5 ingles 05","Google Drive quota exceeded","https://drive.google.com/file/d/13wdskd22wezSCXuAIRoH8hxoYmJTwbC2/view"
"1","quota_exceeded","cmos605tn01egmjkhsff16b99","Suzuki","VL800 ingles","2002","Manual de Servico Suzuki VL800 ingles","Google Drive quota exceeded","https://drive.google.com/file/d/1kUY5n_ltHsGaIUGv8m9dgtsSVUHSLvrh/view"
"1","quota_exceeded","cmos60aku01ehmjkh5no53al1","Suzuki","VLR 1800 C1800R ingles","2008","Manual de Servico Suzuki VLR 1800 C1800R ingles","Google Drive quota exceeded","https://drive.google.com/file/d/1Qg8_mHePYaWvXBGQMcAD_Fa6bcUBIJXV/view"
"1","quota_exceeded","cmos60epz01eimjkhsbxly2c5","Suzuki","VX800 91 93 ingles","2000","Manual de Servico Suzuki VX800 91 93 ingles","Google Drive quota exceeded","https://drive.google.com/file/d/1fQCDeKn5WTSQ1E7MkEJriFGjmknbtLPx/view"
"1","quota_exceeded","cmos60nyr01ekmjkh2xjtrdl2","Suzuki","VZ 800 ingles","2010","Manual de Servico Suzuki VZ 800 ingles","Google Drive quota exceeded","https://drive.google.com/file/d/1FSTENk_GD6_m6wtr8zdKoQJzPuUdCm-b/view"
"1","quota_exceeded","cmos60jdm01ejmjkhk2vb9nbi","Suzuki","VZ 800 ingles","2005","Manual de Servico Suzuki VZ 800 ingles","Google Drive quota exceeded","https://drive.google.com/file/d/1SDd3Gmt7yKlmT-jG1ROeapaWyZ13E3_5/view"
"1","quota_exceeded","cmos60smf01elmjkhykdx76iu","Suzuki","VZ 800 K5 ingles","2005","Manual de Servico Suzuki VZ 800 K5 ingles","Google Drive quota exceeded","https://drive.google.com/file/d/18ci8mzjGTQE-og0UZNre47Zj0J0wO1pg/view"
"1","quota_exceeded","cmos5os5201ckmjkhg91lqk0u","Suzuki","VZ 800. espanhol","2005","Manual de Servico Suzuki VZ 800. espanhol","Google Drive quota exceeded","https://drive.google.com/file/d/1tII1Ti7sLLEKAW83Qzvnjj0eFrNzalJt/view"
"1","quota_exceeded","cmos60xtu01emmjkhodvspo41","Suzuki","VZ800 M800 a ingles","2005","Manual de Servico Suzuki VZ800 M800 a ingles","Google Drive quota exceeded","https://drive.google.com/file/d/1UdIVsbptvk6m1Zf_wyTrEcaxxiyabjF6/view"
"1","quota_exceeded","cmos614fh01enmjkh0bype0m6","Suzuki","VZR 1800 ingles","2006","Manual de Servico Suzuki VZR 1800 ingles","Google Drive quota exceeded","https://drive.google.com/file/d/1624WGLpd7ak55NAkmsCQHyImxIKz-iEY/view"
"1","quota_exceeded","cmos6190j01eomjkh790f455j","Suzuki","VZR 1800 M1800R ingles","2006","Manual de Servico Suzuki VZR 1800 M1800R ingles","Google Drive quota exceeded","https://drive.google.com/file/d/1wPIZDWFX-6nS1ftYrKawtS807IjCx2G4/view"
"1","quota_exceeded","cmos61eeb01epmjkheyxam9yp","Suzuki","YES 125 EN portugues","2005","Manual de Servico Suzuki YES 125 EN portugues","Google Drive quota exceeded","https://drive.google.com/file/d/125RX5hFx_majr0NRh86OPV4yzuUyDwJT/view"
"1","quota_exceeded","cmos6307401ezmjkhljkg537q","Triumph","01 INTRODUÇÃO","2000","Manual de Servico Triumph 01 INTRODUÇÃO","Google Drive quota exceeded","https://drive.google.com/file/d/1PA4Jlhfb7-flC_rerVLCjWihtnajSi76/view"
"1","quota_exceeded","cmos637wb01f0mjkhcnn219v5","Triumph","02 INFORMAÇÕES GERAIS","2000","Manual de Servico Triumph 02 INFORMAÇÕES GERAIS","Google Drive quota exceeded","https://drive.google.com/file/d/1BSEFMbH3_FI-8XpoIi3w-Zc0d17v6nx5/view"
"1","quota_exceeded","cmos63ho401f2mjkhwppwa8mc","Triumph","04 ESPECIFICAÇÕES","2000","Manual de Servico Triumph 04 ESPECIFICAÇÕES","Google Drive quota exceeded","https://drive.google.com/file/d/1e74EzFZ_eR30idLaEoDGNVWHHlD2xxNl/view"
"1","quota_exceeded","cmos63oia01f3mjkh2qmsbhu7","Triumph","05 AJUSTE DA CHAVE DE TORQUE","2000","Manual de Servico Triumph 05 AJUSTE DA CHAVE DE TORQUE","Google Drive quota exceeded","https://drive.google.com/file/d/1xOp3wSUpRVtMs5u-MiJZ0FD-_0yzGfPF/view"
"1","quota_exceeded","cmos63t8v01f4mjkh5wvjxon5","Triumph","06 ROTEAMENTOS","2000","Manual de Servico Triumph 06 ROTEAMENTOS","Google Drive quota exceeded","https://drive.google.com/file/d/1_ibWd_n9griIVPoT2fCh3EeKLwWOjx7b/view"
"1","quota_exceeded","cmos63yui01f5mjkhnit6ec9f","Triumph","07 PLANO DE MANUTENÇÃO","2000","Manual de Servico Triumph 07 PLANO DE MANUTENÇÃO","Google Drive quota exceeded","https://drive.google.com/file/d/1vOz8Zp2pSdbMJ4voFxHzEvO2CsBG5yvd/view"
"1","quota_exceeded","cmos643eq01f6mjkhuocd98m4","Triumph","08 TAMPAS DO MOTOR","2000","Manual de Servico Triumph 08 TAMPAS DO MOTOR","Google Drive quota exceeded","https://drive.google.com/file/d/1d_UyG_yhdtm62Y_eWsTgC5OaBoSCV43B/view"
"1","quota_exceeded","cmos649ex01f7mjkhuha3d59k","Triumph","09 CABEÇA DO CILINDRO","2000","Manual de Servico Triumph 09 CABEÇA DO CILINDRO","Google Drive quota exceeded","https://drive.google.com/file/d/1Tp8SPx-q5PSP1_R4iQq-EgQb26kfZ0rC/view"
"1","quota_exceeded","cmos64fgj01f8mjkh7ippvdcr","Triumph","10 EMBREAGEM","2000","Manual de Servico Triumph 10 EMBREAGEM","Google Drive quota exceeded","https://drive.google.com/file/d/1bCTj-gl-k1qCN-Cy2OsJnVNXLpkd8snH/view"
"1","quota_exceeded","cmos699fv01g3mjkhele4t50h","Triumph","1050 05 ingles","2000","Manual de Servico Triumph 1050 05 ingles","Google Drive quota exceeded","https://drive.google.com/file/d/1giLRmuieqUW8BhAhrT5A1_-KX4N0HvKt/view"
"1","quota_exceeded","cmos6bdzq01gfmjkhtnc0636x","Triumph","1050 06 09 portugues","2000","Manual de Servico Triumph 1050 06 09 portugues","Google Drive quota exceeded","https://drive.google.com/file/d/1Nmh5hNHUrXdzMSNnbUX4o5kc5nYrE-Vo/view"
"1","quota_exceeded","cmos6bib201ggmjkhq6181mvm","Triumph","1050 13 ingles","2000","Manual de Servico Triumph 1050 13 ingles","Google Drive quota exceeded","https://drive.google.com/file/d/1vS4mZqNfCa5h2EmiIMGjoArZHS4kpzT3/view"
"1","quota_exceeded","cmos64lwj01f9mjkhi40m3t8x","Triumph","11 CÁRTER, VIRABREQUIM, BIELAS E PISTÕES","2000","Manual de Servico Triumph 11 CÁRTER, VIRABREQUIM, BIELAS E PISTÕES","Google Drive quota exceeded","https://drive.google.com/file/d/19meW2hR9xDrgqB1sy8LtImt3qBnFMRZj/view"
"1","quota_exceeded","cmos6bpz901ghmjkhfmkunqd2","Triumph","1200 EXPL ingles","2012","Manual de Servico Triumph 1200 EXPL ingles","Google Drive quota exceeded","https://drive.google.com/file/d/1wfZh9s7k8fRbhv0RNYEHFKmKV4UIWQ6N/view"
"1","quota_exceeded","cmos6bu2l01gimjkh4nc4cbsd","Triumph","1200 EXPLORER 16 17 ingles","2000","Manual de Servico Triumph 1200 EXPLORER 16 17 ingles","Google Drive quota exceeded","https://drive.google.com/file/d/1Mue1g6f8fpz-OQcydgQuqinsCb8vTiXu/view"
"1","quota_exceeded","cmos6c16f01gjmjkhvjex6njy","Triumph","1200 XCX 17 20 ingles","2000","Manual de Servico Triumph 1200 XCX 17 20 ingles","Google Drive quota exceeded","https://drive.google.com/file/d/1ReaDt_yLHuqL5SDwzfI5oh93RKfmzFMC/view"
"1","quota_exceeded","cmos64wi301fbmjkhq5pc3dm4","Triumph","13 TRANSMISSÃO","2000","Manual de Servico Triumph 13 TRANSMISSÃO","Google Drive quota exceeded","https://drive.google.com/file/d/1FGbWasYeNzEFCKOpLnZonLp-VVqb7Mj0/view"
"1","quota_exceeded","cmos651ex01fcmjkhlsmd68ur","Triumph","14 MOTOR DE PARTIDA E EMBREAGEM","2000","Manual de Servico Triumph 14 MOTOR DE PARTIDA E EMBREAGEM","Google Drive quota exceeded","https://drive.google.com/file/d/1PCCvVhtyOyh_JUPJekI3VPy1PgyNen11/view"
"1","quota_exceeded","cmos655at01fdmjkh0u2w7n3l","Triumph","15 LUBRIFICAÇÃO","2000","Manual de Servico Triumph 15 LUBRIFICAÇÃO","Google Drive quota exceeded","https://drive.google.com/file/d/1s6K1Q-lF95-TdtYY9jkf1K2TkcqPLCWE/view"
"1","quota_exceeded","cmos65ao301femjkh00jhw7bj","Triumph","16 REMOÇÃO E REINTALAÇÃO DO MOTOR","2000","Manual de Servico Triumph 16 REMOÇÃO E REINTALAÇÃO DO MOTOR","Google Drive quota exceeded","https://drive.google.com/file/d/1Vvt3z3H_W3lNURIeIsNsA7n2Cp3zyWRN/view"
"1","quota_exceeded","cmos65hgu01ffmjkhzxfayduo","Triumph","17 SISTEMA DE COMBUSTÍVEL","2000","Manual de Servico Triumph 17 SISTEMA DE COMBUSTÍVEL","Google Drive quota exceeded","https://drive.google.com/file/d/1W_ays2cmOy7LUzXf_BgC4q-Cp3YaZIQq/view"
"1","quota_exceeded","cmos65mh901fgmjkhwbtk6off","Triumph","18 RESFRIAMENTO","2000","Manual de Servico Triumph 18 RESFRIAMENTO","Google Drive quota exceeded","https://drive.google.com/file/d/1hrY_OuaXrtBJhv3Ajh0y4pXfwRpApKmr/view"
"1","quota_exceeded","cmos65rf301fhmjkhzzy5bdvl","Triumph","19 SUSPENSÃO DIANTEIRA E DIREÇÃO","2000","Manual de Servico Triumph 19 SUSPENSÃO DIANTEIRA E DIREÇÃO","Google Drive quota exceeded","https://drive.google.com/file/d/1bv139xP1BcIzqiSO19rkQfLPlJ8Eojvp/view"
"1","quota_exceeded","cmos65vmx01fimjkhyzje31om","Triumph","20 SUSPENSÃO TRASEIRA E BRAÇO OSCILANTE","2000","Manual de Servico Triumph 20 SUSPENSÃO TRASEIRA E BRAÇO OSCILANTE","Google Drive quota exceeded","https://drive.google.com/file/d/1nmXkO2hFt1dpLDm5CVG7YKlf1gFMlMzY/view"
"1","quota_exceeded","cmos661cs01fjmjkhg77pw1ro","Triumph","21 FREIOS","2000","Manual de Servico Triumph 21 FREIOS","Google Drive quota exceeded","https://drive.google.com/file/d/1iVqYTiu5MZTnYRmRqOMuSSR_8To_pymy/view"
"1","quota_exceeded","cmos6663d01fkmjkhue5ylvzl","Triumph","22 RODAS E PNEUS","2000","Manual de Servico Triumph 22 RODAS E PNEUS","Google Drive quota exceeded","https://drive.google.com/file/d/1g1be6DEo8J_gTty8eGrDpLODkCUVVx4t/view"
"1","quota_exceeded","cmos66ca401flmjkhoemyrekh","Triumph","23 TRANSMISSÃO FINAL","2000","Manual de Servico Triumph 23 TRANSMISSÃO FINAL","Google Drive quota exceeded","https://drive.google.com/file/d/10LLzf59YtuKRwbbobaZClScbhz3LGglQ/view"
"1","quota_exceeded","cmos66i9201fmmjkh9l6njqli","Triumph","24 QUADRO E CARROCERIA","2000","Manual de Servico Triumph 24 QUADRO E CARROCERIA","Google Drive quota exceeded","https://drive.google.com/file/d/1v_pUbq-Ei4fayJvBSfw3ge9MxoAIraqJ/view"
"1","quota_exceeded","cmos66nau01fnmjkh5n6o7grx","Triumph","25 SISTEMA ELÉTRICO","2000","Manual de Servico Triumph 25 SISTEMA ELÉTRICO","Google Drive quota exceeded","https://drive.google.com/file/d/1w0i5z6LmiIX4_1OGjHWaZ2VbgO6SQowd/view"
"1","quota_exceeded","cmos66s6e01fomjkhgtj3n7bl","Triumph","26 DIAGRAMAS DE CIRCUITOS","2000","Manual de Servico Triumph 26 DIAGRAMAS DE CIRCUITOS","Google Drive quota exceeded","https://drive.google.com/file/d/1zsZai0e0Lysnr6Dh3dvk-0I4F9YvjEyH/view"
"1","quota_exceeded","cmos675dk01fqmjkh7374xa2d","Triumph","28 SISTEMAS ELETRÔNICOS","2000","Manual de Servico Triumph 28 SISTEMAS ELETRÔNICOS","Google Drive quota exceeded","https://drive.google.com/file/d/1FumBRbTWQenrr3ryuSFFYGBWOgbgyZ8x/view"
"1","quota_exceeded","cmos67uvn01fumjkhz8ewm5cy","Triumph","600 SM 03 04 ingles","2000","Manual de Servico Triumph 600 SM 03 04 ingles","Google Drive quota exceeded","https://drive.google.com/file/d/1vwnNXX66qcuLV3YxdU2VNIjXwcuQhO9V/view"
"1","quota_exceeded","cmos6802g01fvmjkhe8uz07g5","Triumph","675 06 07 ingles","2000","Manual de Servico Triumph 675 06 07 ingles","Google Drive quota exceeded","https://drive.google.com/file/d/1ipJwpRfYxBiGiergmmFtmBr6egfQYvri/view"
"1","quota_exceeded","cmos685x901fwmjkhjedw9l3g","Triumph","675 12 portugues","2000","Manual de Servico Triumph 675 12 portugues","Google Drive quota exceeded","https://drive.google.com/file/d/1JGEqeQI8Kj2oNDj9_pDQ3IwuKtPYkSQT/view"
"1","quota_exceeded","cmos68bvl01fxmjkhwbpmq3ci","Triumph","675 675 R 13 16 ingles","2000","Manual de Servico Triumph 675 675 R 13 16 ingles","Google Drive quota exceeded","https://drive.google.com/file/d/1ZQBWAVs5p-Y3qTCVaMbwZQQhLtkSEX0f/view"
"1","quota_exceeded","cmos68g5y01fymjkhjn4reswc","Triumph","675, 675 R 12 16 ingles","2000","Manual de Servico Triumph 675, 675 R 12 16 ingles","Google Drive quota exceeded","https://drive.google.com/file/d/1Nu8Y2O2fjjNhUx_7BerRS9vaC9Rf7x-M/view"
"1","quota_exceeded","cmos69mtj01g5mjkh4knrr9el","Triumph","765 / R 11 16 ingles","2000","Manual de Servico Triumph 765 / R 11 16 ingles","Google Drive quota exceeded","https://drive.google.com/file/d/17VGGnMDTQSMmjVsMyIsbdaHNMearOK5g/view"
"1","quota_exceeded","cmos6as6z01gcmjkh6ww5sbmz","Triumph","800 800XC 12 portugues","2000","Manual de Servico Triumph 800 800XC 12 portugues","Google Drive quota exceeded","https://drive.google.com/file/d/10hW2PqsZ72hzRZGO9_mpnq82X7Vpe1oi/view"
"1","quota_exceeded","cmos6agyp01gamjkh76gwhc6q","Triumph","800 800XC XCx XRx 15 16 ingles","2000","Manual de Servico Triumph 800 800XC XCx XRx 15 16 ingles","Google Drive quota exceeded","https://drive.google.com/file/d/1hqdeXPJIVpfSRxeNTVIxSu-WoeEVx05e/view"
"1","quota_exceeded","cmos6an6v01gbmjkhhl7qs3uu","Triumph","800 XRX 18 20 portugues","2000","Manual de Servico Triumph 800 XRX 18 20 portugues","Google Drive quota exceeded","https://drive.google.com/file/d/1ORUTVVaTIhIwhmAp07M40FwsNBOPCsaW/view"
"1","quota_exceeded","cmos6az7d01gdmjkh3r0ukye9","Triumph","900 GT 20 23 portugues","2000","Manual de Servico Triumph 900 GT 20 23 portugues","Google Drive quota exceeded","https://drive.google.com/file/d/1on_UqZD_z96VYm8cKvuD7zlsteNZwCzH/view"
"1","quota_exceeded","cmos6b6h501gemjkh8t5ywfjq","Triumph","900 RALLY PRO 21 23 portugues","2000","Manual de Servico Triumph 900 RALLY PRO 21 23 portugues","Google Drive quota exceeded","https://drive.google.com/file/d/1wN_AfTuScq2UVrbQcXYnjv6-U5El7aR7/view"
"1","quota_exceeded","cmos68lir01fzmjkh6ofuspjo","Triumph","955i 02 03 ingles","2000","Manual de Servico Triumph 955i 02 03 ingles","Google Drive quota exceeded","https://drive.google.com/file/d/1dV72yITNN90ys-o73UlskMZrOC1E45a_/view"
"1","quota_exceeded","cmos621ss01etmjkhtr3aim0e","Triumph","Accessory Installation","2000","Manual de Servico Triumph Accessory Installation","Google Drive quota exceeded","https://drive.google.com/file/d/1sHTMHLUkF1t2oYL_Y08yMcZ0LVSrV_2l/view"
"1","quota_exceeded","cmos626a901eumjkhv4farkiq","Triumph","Belt Drive Conversion Bobber","2000","Manual de Servico Triumph Belt Drive Conversion Bobber","Google Drive quota exceeded","https://drive.google.com/file/d/1Wwanj1p131pfXk0pofn-mrLxlDqRNcMH/view"
"1","quota_exceeded","cmos61jwp01eqmjkhe0t54dwf","Triumph","Bobber Technical part 1","2000","Manual de Servico Triumph Bobber Technical part 1","Google Drive quota exceeded","https://drive.google.com/file/d/1rQHwskOJdJoSbPQ_No8YT2tKbBzGdb2D/view"
"1","quota_exceeded","cmos61o8001ermjkhzbp6o914","Triumph","Bobber Technical part 2","2000","Manual de Servico Triumph Bobber Technical part 2","Google Drive quota exceeded","https://drive.google.com/file/d/16-39Bxc3EEs_VrnFMbKfsf3z97bi1ySp/view"
"1","quota_exceeded","cmos679zi01frmjkhcrkrhth1","Triumph","Bonneville Speedmaster Thruxton Scrambler 09 16 ingles","2000","Manual de Servico Triumph Bonneville Speedmaster Thruxton Scrambler 09 16 ingles","Google Drive quota exceeded","https://drive.google.com/file/d/1fYnXKBwx1ZHoo7LkVPXoD6uCThMrwqN-/view"
"1","quota_exceeded","cmos67gzb01fsmjkhf8n32yta","Triumph","Bonneville SpeedmasterThruxton Scrambler 01 08 ingles","2000","Manual de Servico Triumph Bonneville SpeedmasterThruxton Scrambler 01 08 ingles","Google Drive quota exceeded","https://drive.google.com/file/d/1ZI91FiU5ur5tLDkb4_FlQPaDIAOOj2UE/view"
"1","quota_exceeded","cmos67o5601ftmjkhkns3f66o","Triumph","Commander Tunderbird TODAS ba bd bf ALL 13 18 ingles","2000","Manual de Servico Triumph Commander Tunderbird TODAS ba bd bf ALL 13 18 ingles","Google Drive quota exceeded","https://drive.google.com/file/d/1fGf1UsdLfBmgh5fiFmYNUgeHLdRsLcRm/view"
"1","quota_exceeded","cmos62hu901ewmjkho3v2di2r","Triumph","do Usuário Bonneville Bobber Black","2000","Manual de Servico Triumph do Usuário Bonneville Bobber Black","Google Drive quota exceeded","https://drive.google.com/file/d/1hhOvxEPFxl0NsNF5XN_1X9QmL6vevs0V/view"
"1","quota_exceeded","cmos62buc01evmjkhnf4yti0l","Triumph","Immobiliser","2000","Manual de Servico Triumph Immobiliser","Google Drive quota exceeded","https://drive.google.com/file/d/1DMHmuMySqSr8Uz4hOIwaw4VKibLkrPwn/view"
"1","quota_exceeded","cmos68rko01g0mjkhtcsgy8pu","Triumph","Rocket 3 adiante ingles","2007","Manual de Servico Triumph Rocket 3 adiante ingles","Google Drive quota exceeded","https://drive.google.com/file/d/1cKKa3BdzqLT-bQwGmeyjJic2zbWgNg_p/view"
"1","quota_exceeded","cmos68xvl01g1mjkhccidrr9z","Triumph","Rocket 3R 21 23 portugues","2000","Manual de Servico Triumph Rocket 3R 21 23 portugues","Google Drive quota exceeded","https://drive.google.com/file/d/1DUGz6ZoS82p5Dr8MVeTUc6l_TP9KEvwt/view"
"1","quota_exceeded","cmos69xfs01g7mjkhnalnfbnd","Triumph","RS 765 16 18 ingles","2000","Manual de Servico Triumph RS 765 16 18 ingles","Google Drive quota exceeded","https://drive.google.com/file/d/1mlh7Y84HeUrMZOz_YnKLEpAui8vHhi7I/view"
"1","quota_exceeded","cmos62vam01eymjkh3349h1jo","Triumph","Scrambler 1200 XC","2019","Manual de Servico Triumph Scrambler 1200 XC","Google Drive quota exceeded","https://drive.google.com/file/d/1SQNQcBTZv_JTgGKQb4VRGsqUhOQv3KUa/view"
"1","quota_exceeded","cmos62obn01exmjkhtp8z7wfn","Triumph","Scrambler 1200 XC, XE eletrica","2000","Manual de Servico Triumph Scrambler 1200 XC, XE eletrica","Google Drive quota exceeded","https://drive.google.com/file/d/17bN1i8Kf_PWrjqpfiB5TXolBjc3_3YRj/view"
"1","quota_exceeded","cmos69ggl01g4mjkh5xw0ggjn","Triumph","SPEED TWIN 1200 a portugues","2022","Manual de Servico Triumph SPEED TWIN 1200 a portugues","Google Drive quota exceeded","https://drive.google.com/file/d/1bczjgmjry7jT9DoVziCnAzr2v1k1X5ol/view"
"1","quota_exceeded","cmos6c7xm01gkmjkholdrdifw","Triumph","SPORT 1050 17 21 portugues","2000","Manual de Servico Triumph SPORT 1050 17 21 portugues","Google Drive quota exceeded","https://drive.google.com/file/d/1o41gdG4jUbAKEK0td40e5pO10sjtQiq6/view"
"1","quota_exceeded","cmos69ra401g6mjkhjxbhkssf","Triumph","SPORT 660 22 24 portugues","2000","Manual de Servico Triumph SPORT 660 22 24 portugues","Google Drive quota exceeded","https://drive.google.com/file/d/1u8k-0KWwjVbayyaERzaoPrqy6xPSlL-y/view"
"1","quota_exceeded","cmos6a3yw01g8mjkhzrzeezdo","Triumph","Thruxton R 16 ingles","2000","Manual de Servico Triumph Thruxton R 16 ingles","Google Drive quota exceeded","https://drive.google.com/file/d/1AHozGV_ZmoBlmUgcVZlwz6SjCxdicMTZ/view"
"1","quota_exceeded","cmos6a9l901g9mjkhuvu17xku","Triumph","Thunderbird 09 10 ingles","2000","Manual de Servico Triumph Thunderbird 09 10 ingles","Google Drive quota exceeded","https://drive.google.com/file/d/12tHmOH-l0PI3NHA0CT0hkkatqwHyb6WM/view"
"1","quota_exceeded","cmos6cevw01glmjkheipjvtp5","Triumph","Trophy 13 16 ingles","2000","Manual de Servico Triumph Trophy 13 16 ingles","Google Drive quota exceeded","https://drive.google.com/file/d/15S3EN8E18P8HRBg8AcJVSZilEyBsxMUU/view"
"1","quota_exceeded","cmos61ulh01esmjkh3ubdz0sj","Triumph","Wiring Diagram Bobber Bonneville","2000","Manual de Servico Triumph Wiring Diagram Bobber Bonneville","Google Drive quota exceeded","https://drive.google.com/file/d/1dvr0J9gETIxIvjbTk-gJi3QKRvXaolmR/view"
"1","quota_exceeded","cmos6cl3k01gmmjkhgi1clm2m","x BÔNUS","516249512 Dicas de Multimetro 1","2000","Manual de Servico x BÔNUS 516249512 Dicas de Multimetro 1","Google Drive quota exceeded","https://drive.google.com/file/d/1zXRtsXVxUeKaR-Tmm5Wx45GzLR7cuV9B/view"
"1","quota_exceeded","cmos4xlt0017ymjkhmzzixkgm","Yamaha","KTM 350 EXC XCFW SixDays Factory ingles","2022","Manual de Servico Yamaha KTM 350 EXC XCFW SixDays Factory ingles","Google Drive quota exceeded","https://drive.google.com/file/d/1WSKm005YKbrYm4cBVPn_V__Nu7NokcpK/view"
"1","quota_exceeded","cmos514ts018kmjkh7bm85177","Yamaha","KTM 450 SX F & XC F & SX F FACTORY ingles","2013","Manual de Servico Yamaha KTM 450 SX F & XC F & SX F FACTORY ingles","Google Drive quota exceeded","https://drive.google.com/file/d/1H4DeDJDFBBsvYEhGZ_zNGJu-LalSozrn/view"
"1","quota_exceeded","cmos51te6018omjkh5aln23ts","Yamaha","KTM 450 SX F FACTORY ingles","2012","Manual de Servico Yamaha KTM 450 SX F FACTORY ingles","Google Drive quota exceeded","https://drive.google.com/file/d/1H1aqvubjVdbAg84T3PBfVRu4mBCbyLFM/view"
"1","quota_exceeded","cmos577le019lmjkh8vzzuwq5","Yamaha","KTM 950 990 ADV SUPERDUKE SMT ingles","2003","Manual de Servico Yamaha KTM 950 990 ADV SUPERDUKE SMT ingles","Google Drive quota exceeded","https://drive.google.com/file/d/1wJhEFJSENgV8UrIwwlmiv0xfyLjTA1pv/view"
"1","quota_exceeded","cmos58409019rmjkhymefr768","Yamaha","KTM 990 SMT ingles","2011","Manual de Servico Yamaha KTM 990 SMT ingles","Google Drive quota exceeded","https://drive.google.com/file/d/1HTuk61Ou9rDb7fDMs_GDGainIrZZSCq6/view"
"1","quota_exceeded","cmos588al019smjkh7n73zhc0","Yamaha","KTM 990 SMT ingles","2012","Manual de Servico Yamaha KTM 990 SMT ingles","Google Drive quota exceeded","https://drive.google.com/file/d/1lmAoGy87tECe39MYhP8zc_myKAM76XST/view"
"1","quota_exceeded","cmos58e3m019tmjkhgu7flvp3","Yamaha","KTM 990 SMT R ingles","2013","Manual de Servico Yamaha KTM 990 SMT R ingles","Google Drive quota exceeded","https://drive.google.com/file/d/14qt9ccE0jcfP9-7PYXqJmfIJ4gjlJnCE/view"
"1","quota_exceeded","cmos58lrn019umjkhu2gdjrl1","Yamaha","KTM 990 SMT T ingles","2013","Manual de Servico Yamaha KTM 990 SMT T ingles","Google Drive quota exceeded","https://drive.google.com/file/d/1GAkFJDm0LYbhpTVNE9obQ12YyPBB28fm/view"
"1","quota_exceeded","cmos5hhw401bdmjkhlx0a1c70","Yamaha","YFM 700 RV Raptor","2000","Manual de Servico Yamaha YFM 700 RV Raptor","Google Drive quota exceeded","https://drive.google.com/file/d/18jJjUQUNts7-vPiy1XIZvMBpet0weRom/view"
"3","confirmation_non_pdf","cmos58ses019vmjkhh5kcqkik","KTM","1190 ingles","2013","Manual de Servico KTM 1190 ingles","Needs confirmation form","https://drive.google.com/file/d/11jqAEv3-9rJPbEckbNk0tEVmvmKZByUK/view"
"3","confirmation_non_pdf","cmos58xeh019wmjkholx87ngi","KTM","1190 R ingles","2013","Manual de Servico KTM 1190 R ingles","Needs confirmation form","https://drive.google.com/file/d/1NOfTTCTUL9DKHREcO-_Brd1rIxKsGopT/view"
"3","confirmation_non_pdf","cmos591ol019xmjkh3x2rhlyw","KTM","1190 R ingles","2014","Manual de Servico KTM 1190 R ingles","Needs confirmation form","https://drive.google.com/file/d/13IdYDB76KXtkcPQTYvG2sb2WzlB2I4VR/view"
"3","confirmation_non_pdf","cmos5ahvr01a6mjkh2ed3g63d","KTM","125 200 ingles","2013","Manual de Servico KTM 125 200 ingles","Needs confirmation form","https://drive.google.com/file/d/1e2LgbiMW3G-jghZ3QanUDEb9Uh_NPNmK/view"
"3","confirmation_non_pdf","cmos5abwj01a5mjkh4e9plisf","KTM","125 200 ingles","2012","Manual de Servico KTM 125 200 ingles","Needs confirmation form","https://drive.google.com/file/d/1ohJRtsBqd9VVunnTiIO56yy46Ipx8EBk/view"
"3","confirmation_non_pdf","cmos5a5vx01a4mjkhbzaa8kd6","KTM","125 ingles","2011","Manual de Servico KTM 125 ingles","Needs confirmation form","https://drive.google.com/file/d/1zx-SaMmU4YdnpwKqmMdmgq8TGPj6mg7b/view"
"3","confirmation_non_pdf","cmos59uuu01a2mjkh4j76lgep","KTM","1290 S ingles","2018","Manual de Servico KTM 1290 S ingles","Needs confirmation form","https://drive.google.com/file/d/1GcvhvNu3f_RsblgydH_0kx6GSuldAKrr/view"
"3","confirmation_non_pdf","cmos59qhb01a1mjkhmv4tdqu6","KTM","1290 Super R ingles","2014","Manual de Servico KTM 1290 Super R ingles","Needs confirmation form","https://drive.google.com/file/d/1Auc0W0_2-IsNDQ7hfGPhXU0WJfge90qG/view"
"3","confirmation_non_pdf","cmos4tnap017bmjkhunbwilr4","KTM","250 EXCF SXF XCF","2005","Manual de Servico KTM 250 EXCF SXF XCF","Needs confirmation form","https://drive.google.com/file/d/1x_ZMVQVDFwf_X6gdpY10OYMj8YQ1-hms/view"
"3","confirmation_non_pdf","cmos4z2790187mjkhbnykdfml","KTM","350 F XC F ingles","2019","Manual de Servico KTM 350 F XC F ingles","Needs confirmation form","https://drive.google.com/file/d/1x_LaIeeCF686-G1znyYnN5sP-BkIVbko/view"
"3","confirmation_non_pdf","cmos4y8w00182mjkhqrennlfc","KTM","350 F XCF W Six Days ingles","2012","Manual de Servico KTM 350 F XCF W Six Days ingles","Needs confirmation form","https://drive.google.com/file/d/1impRsaSpzMdGMF9SdeUbVaDv8YzkT2l-/view"
"3","confirmation_non_pdf","cmos4z6eb0188mjkhxfsef35f","KTM","350 SXF XCF ingles","2011","Manual de Servico KTM 350 SXF XCF ingles","Needs confirmation form","https://drive.google.com/file/d/1GgK7uENYFNxuKxh3dDdvuU_we1tzOwOh/view"
"3","confirmation_non_pdf","cmos4zg64018amjkhva3pxtp5","KTM","390 ingles","2018","Manual de Servico KTM 390 ingles","Needs confirmation form","https://drive.google.com/file/d/1Muw60uxK31_fKo1mybme8nCarc1anW1c/view"
"3","confirmation_non_pdf","cmos5bo6101admjkhzrpdkmh3","KTM","390 ingles","2017","Manual de Servico KTM 390 ingles","Needs confirmation form","https://drive.google.com/file/d/1DhQYdvZXH2_kA62No-u8oQFzgHc24bNy/view"
"3","confirmation_non_pdf","cmos5bhsg01acmjkhoh237488","KTM","390 ingles","2014","Manual de Servico KTM 390 ingles","Needs confirmation form","https://drive.google.com/file/d/1QF3IhpEJEuS8rai78jlx0Zm4apYZ3lcx/view"
"3","confirmation_non_pdf","cmos5bavj01abmjkh6u2v1e6g","KTM","390 ingles","2013","Manual de Servico KTM 390 ingles","Needs confirmation form","https://drive.google.com/file/d/1nj2Lbfwg-9L5RjHQMB9HYnoiQ418BrbY/view"
"3","confirmation_non_pdf","cmos505v8018emjkhco3a67ri","KTM","400 450 500 F XCF W Six Days ingles","2011","Manual de Servico KTM 400 450 500 F XCF W Six Days ingles","Needs confirmation form","https://drive.google.com/file/d/1820chqjNvn5JJ3dRnfrwVhAEvALJ57qM/view"
"3","confirmation_non_pdf","cmos4zzo4018dmjkh63btqamg","KTM","400 450 500 F XCF W Six Days ingles","2010","Manual de Servico KTM 400 450 500 F XCF W Six Days ingles","Needs confirmation form","https://drive.google.com/file/d/16hC2gKUoCFZaLGtd6Bf9BBbpiPpqv-uK/view"
"3","confirmation_non_pdf","cmos52tky018umjkh6iqw3hos","KTM","450 500 F XCF W Six Days ingles","2012","Manual de Servico KTM 450 500 F XCF W Six Days ingles","Needs confirmation form","https://drive.google.com/file/d/1jXxB6cwFc1X7CIKxZeG5qJlF6k9PgYM3/view"
"3","confirmation_non_pdf","cmos51afe018lmjkh4za4l1a5","KTM","450 F ingles","2010","Manual de Servico KTM 450 F ingles","Needs confirmation form","https://drive.google.com/file/d/1X0JOnuEL7wO4aUMwV1T68qjPT_EZNvsQ/view"
"3","confirmation_non_pdf","cmos5355g018wmjkhbiwsmusv","KTM","500 EXCF XCF W Six Days frances","2012","Manual de Servico KTM 500 EXCF XCF W Six Days frances","Needs confirmation form","https://drive.google.com/file/d/1X1HqZMQmlob13KA8LQlFyHlFjGdJGRsU/view"
"3","confirmation_non_pdf","cmos55gid019bmjkh9sbs7ibm","KTM","690 Enduro ingles","2014","Manual de Servico KTM 690 Enduro ingles","Needs confirmation form","https://drive.google.com/file/d/1PDxd8PIE80qL8uXWkACpTRbtwCNycTgt/view"
"3","confirmation_non_pdf","cmos54kk50195mjkh2d4qkl4i","KTM","690 Enduro ingles","2008","Manual de Servico KTM 690 Enduro ingles","Needs confirmation form","https://drive.google.com/file/d/1DUOHz55iGDjIye5zhE0JYSO4DYi_Jhfj/view"
"3","confirmation_non_pdf","cmos54pan0196mjkh73xfhkti","KTM","690 Enduro ingles","2009","Manual de Servico KTM 690 Enduro ingles","Needs confirmation form","https://drive.google.com/file/d/1toGl5jxdjuH6jBnXuDKCJxT5DhqDw8-A/view"
"3","confirmation_non_pdf","cmos54wnx0197mjkhdzj5v52b","KTM","690 Enduro ingles","2010","Manual de Servico KTM 690 Enduro ingles","Needs confirmation form","https://drive.google.com/file/d/18PFnY3LN4lY8aWHIwi-FEV7J4diI9-s2/view"
"3","confirmation_non_pdf","cmos551md0198mjkh1ohx1zyh","KTM","690 Enduro ingles","2011","Manual de Servico KTM 690 Enduro ingles","Needs confirmation form","https://drive.google.com/file/d/15TbVDPTE-ACUr6NyO7sjGC-gts_yMmjM/view"
"3","confirmation_non_pdf","cmos555wu0199mjkhfurv5c5k","KTM","690 Enduro ingles","2012","Manual de Servico KTM 690 Enduro ingles","Needs confirmation form","https://drive.google.com/file/d/1pm7ERlNOXxmbDmYg9MVW_ZDtbmdYIA_j/view"
"3","confirmation_non_pdf","cmos53yzp0191mjkh3i9dw3j8","KTM","690 ingles","2011","Manual de Servico KTM 690 ingles","Needs confirmation form","https://drive.google.com/file/d/1zwGzAdGYmE6xK6HEOhqc6BOeArreVf92/view"
"3","confirmation_non_pdf","cmos547jq0193mjkho9r69ib3","KTM","690 ingles","2013","Manual de Servico KTM 690 ingles","Needs confirmation form","https://drive.google.com/file/d/1qVGVUstScqvkQRyOwFUQQU00FL3srw34/view"
"3","confirmation_non_pdf","cmos54ez30194mjkhapbp3bl1","KTM","690 ingles","2014","Manual de Servico KTM 690 ingles","Needs confirmation form","https://drive.google.com/file/d/1QD374OlSzYRuGpI7iK7DSHDj0413cuGm/view"
"3","confirmation_non_pdf","cmos53mc2018zmjkhbhapf9y9","KTM","690 ingles","2008","Manual de Servico KTM 690 ingles","Needs confirmation form","https://drive.google.com/file/d/1VVRXPhQ2_AvAbCuQbRkuKS-osXs-xhqc/view"
"3","confirmation_non_pdf","cmos5430c0192mjkhqoain7wo","KTM","690 ingles","2012","Manual de Servico KTM 690 ingles","Needs confirmation form","https://drive.google.com/file/d/1_XTwto2bY_YYYYkIkAA5g6CkTCpuuXVZ/view"
"3","confirmation_non_pdf","cmos56709019fmjkh2gab03de","KTM","690 SMC ingles","2011","Manual de Servico KTM 690 SMC ingles","Needs confirmation form","https://drive.google.com/file/d/1lfgwUVe7PEjfFxXq0T2nib_hGpoVhoa2/view"
"3","confirmation_non_pdf","cmos56s19019imjkh29qgke1q","KTM","690 SMC ingles","2014","Manual de Servico KTM 690 SMC ingles","Needs confirmation form","https://drive.google.com/file/d/1_FxqYeBQb0XC1qzuCoY3Z-Z21SwW5PcM/view"
"3","confirmation_non_pdf","cmos56kks019hmjkh3fzdxg56","KTM","690 SMC ingles","2013","Manual de Servico KTM 690 SMC ingles","Needs confirmation form","https://drive.google.com/file/d/1pffrpx_3bOBL2VN_UkqDXrHWJjkdklRJ/view"
"3","confirmation_non_pdf","cmos56e0m019gmjkh90ter6kr","KTM","690 SMC ingles","2012","Manual de Servico KTM 690 SMC ingles","Needs confirmation form","https://drive.google.com/file/d/10dj0cOw-aB4LQ73q7fV4Wp9kDd_O9dYb/view"
"3","confirmation_non_pdf","cmos55zlm019emjkhnnas3ac2","KTM","690 SMC ingles","2010","Manual de Servico KTM 690 SMC ingles","Needs confirmation form","https://drive.google.com/file/d/1Jj9yQWxhKMnk6veV9m1lxpnAfcPpXEEJ/view"
"3","confirmation_non_pdf","cmos55rz1019dmjkhllzx5hc6","KTM","690 SMC ingles","2009","Manual de Servico KTM 690 SMC ingles","Needs confirmation form","https://drive.google.com/file/d/1dqSITPFiu19yoYPBEsSi0yGwRDoLTgeq/view"
"3","confirmation_non_pdf","cmos5btz301aemjkheq9sd429","KTM","790 ingles","2018","Manual de Servico KTM 790 ingles","Needs confirmation form","https://drive.google.com/file/d/1MUaTgwZqCKYjTGIAbccwicbNdmzHf8E1/view"
"3","confirmation_non_pdf","cmos5cdea01ahmjkhm9xgsfef","KTM","Freeride 350 ingles","2012","Manual de Servico KTM Freeride 350 ingles","Needs confirmation form","https://drive.google.com/file/d/1MWcT1AdBpJkc_HEFwp81qEOOIutVsA9_/view"
"3","confirmation_non_pdf","cmos5ci5401aimjkhjx2iivxf","KTM","Freeride 350 ingles","2013","Manual de Servico KTM Freeride 350 ingles","Needs confirmation form","https://drive.google.com/file/d/1w-YpaEAjF8GB6XkwbhRijYqiPAqmfLpw/view"
"3","confirmation_non_pdf","cmos5covi01ajmjkhzzrwg6ue","KTM","RC 125 ingles","2014","Manual de Servico KTM RC 125 ingles","Needs confirmation form","https://drive.google.com/file/d/1HTWZXoN04zAiKWdjHf0qOwCaXPoKvvut/view"
"3","confirmation_non_pdf","cmos5ctt801akmjkh4gmbjdsn","KTM","RC 390 ingles","2014","Manual de Servico KTM RC 390 ingles","Needs confirmation form","https://drive.google.com/file/d/1hHBonElt8OboulsWWr0s-byAW_oQ6gB3/view"
"3","confirmation_non_pdf","cmos5d8rg01ammjkhh9tgpt8k","KTM","RC8 1190 ingles","2009","Manual de Servico KTM RC8 1190 ingles","Needs confirmation form","https://drive.google.com/file/d/1DIjB6iOS5e97L99Qytle5YxiKsQEh9kk/view"
"3","confirmation_non_pdf","cmos5dftc01anmjkh6oecgr5d","KTM","RC8 1190 ingles","2010","Manual de Servico KTM RC8 1190 ingles","Needs confirmation form","https://drive.google.com/file/d/1Fpc_Ghv_2A_pvMEi3OSXPgVDXnaF0h14/view"
"3","confirmation_non_pdf","cmos5dkha01aomjkhsi767zos","KTM","RC8 1190 ingles","2011","Manual de Servico KTM RC8 1190 ingles","Needs confirmation form","https://drive.google.com/file/d/1rFBf8poBbl4P5oBkmg9e3vgj-WSrJEgc/view"
"3","confirmation_non_pdf","cmos5dpjq01apmjkho9jwucul","KTM","RC8 R 1190 ingles","2012","Manual de Servico KTM RC8 R 1190 ingles","Needs confirmation form","https://drive.google.com/file/d/1MOTZG855urvBfPxFeluj3gPVQqR21PbH/view"
"3","downloadable_now","cmos6dnlg01gtmjkhu7fpxiug","Referência","327757649 030 de resistencia eletrica de bobinas originais pdf 1","2000","Manual de Servico Referência 327757649 030 de resistencia eletrica de bobinas originais pdf 1","Drive returned downloadable PDF","https://drive.google.com/file/d/1dym0Za5jMF6xvbw0qGhF7KqGkhftqgCx/view"
"3","downloadable_now","cmos6dbll01grmjkhban521zx","Referência","6 0775 oleo bengala 1","1921","Manual de Servico Referência 6 0775 oleo bengala 1","Drive returned downloadable PDF","https://drive.google.com/file/d/1RVSZAUChdb4MT30wgh4PWeLQRPPWPerg/view"
"3","downloadable_now","cmos6dz2i01gvmjkh47b05xx4","Referência","BOBINAS SERVITEC","2000","Manual de Servico Referência BOBINAS SERVITEC","Drive returned downloadable PDF","https://drive.google.com/file/d/1r2fTb7cAmtDNIGoolL-v1KfC9Ak5JWma/view"
"3","confirmation_non_pdf","cmos5kwmf01bxmjkhw86d9jov","Royal Enfield","350 21 22 ingles","2000","Manual de Servico Royal Enfield 350 21 22 ingles","Needs confirmation form","https://drive.google.com/file/d/1WJPZPBEH0xNFK13IDlnv1BjOYQ8tYFnw/view"
"3","confirmation_non_pdf","cmos5l3g901bymjkh22fkj4fy","Royal Enfield","350 21 22 portugues","2000","Manual de Servico Royal Enfield 350 21 22 portugues","Needs confirmation form","https://drive.google.com/file/d/13atdc6RsTVhFj8a8-FmXwBiHu5NUGQ04/view"
"3","confirmation_non_pdf","cmos5lsmj01c2mjkh9c4494h4","Royal Enfield","650 650 18 19 ingles","2000","Manual de Servico Royal Enfield 650 650 18 19 ingles","Needs confirmation form","https://drive.google.com/file/d/1yamNRjAtCQfhj8VQezW4DdmMLRg2kIun/view"
"3","confirmation_non_pdf","cmos5q5mf01csmjkhi7zxs7nk","Suzuki","DL 1050 rc XT ingles","2021","Manual de Servico Suzuki DL 1050 rc XT ingles","Needs confirmation form","https://drive.google.com/file/d/11b-I0sQRLeMlY9ZxKhILGG4SurvdidFa/view"
"3","confirmation_non_pdf","cmos5xy2501e4mjkh06rtkgbn","Suzuki","GSXR 1300 Hayabusa Gen 3 ingles","2021","Manual de Servico Suzuki GSXR 1300 Hayabusa Gen 3 ingles","Needs confirmation form","https://drive.google.com/file/d/1p5Wygl1GAsAob6jTtBWu_WYokGacrPAc/view"
"3","confirmation_non_pdf","cmos5z93801ebmjkhffljmk2d","Suzuki","INTRUDER VS1400 88 04 ingles","2000","Manual de Servico Suzuki INTRUDER VS1400 88 04 ingles","Needs confirmation form","https://drive.google.com/file/d/1LqPfjD9YuNvecpdrRQRWFXizeIC9wliV/view"
"3","confirmation_non_pdf","cmos5z2fv01eamjkh1h0vrr63","Suzuki","INTRUDER VS800GL VS700GL 04 ingles","1987","Manual de Servico Suzuki INTRUDER VS800GL VS700GL 04 ingles","Needs confirmation form","https://drive.google.com/file/d/1xvs1baZmn4FFhzmjcYw03haxIOeOncq9/view"
"3","confirmation_non_pdf","cmos5wlmz01dvmjkh8wtfrgp4","Suzuki","R1000 ingles","2017","Manual de Servico Suzuki R1000 ingles","Needs confirmation form","https://drive.google.com/file/d/18ACveg4EGiVST8-CIJo1vS1NlWMVlKyn/view"
"3","confirmation_non_pdf","cmos5wprh01dwmjkh16hywv68","Suzuki","R1000L7 ingles","2017","Manual de Servico Suzuki R1000L7 ingles","Needs confirmation form","https://drive.google.com/file/d/1yWuFi9QcodF5oTWelK4Y4QHrwzm7nIh4/view"
"3","confirmation_non_pdf","cmos5zlld01edmjkhuch0xdle","Suzuki","RM Z 250 ingles","2011","Manual de Servico Suzuki RM Z 250 ingles","Needs confirmation form","https://drive.google.com/file/d/1DtFYegu6fsoEz8U1oFMZDV_b8MFL_aK5/view"
"3","confirmation_non_pdf","cmos5zy4701efmjkhg0a2glmq","Suzuki","TL1000R 98 02 ingles","2000","Manual de Servico Suzuki TL1000R 98 02 ingles","Needs confirmation form","https://drive.google.com/file/d/1Buqex_nHNtfOLggr8fhURgTQi2_oa3uS/view"
"3","confirmation_non_pdf","cmos694dn01g2mjkhoa8rnfl7","Triumph","Speed 4 TT 600 02 06","2000","Manual de Servico Triumph Speed 4 TT 600 02 06","Needs confirmation form","https://drive.google.com/file/d/1j7lD8lXR8RNS3IgsEOCFhxOyxIFM_r_K/view"
"3","confirmation_non_pdf","cmos525zz018qmjkhavkujpo9","Yamaha","KTM 450 SX F XC F Factory Edition ingles","2014","Manual de Servico Yamaha KTM 450 SX F XC F Factory Edition ingles","Needs confirmation form","https://drive.google.com/file/d/11M60_XjrkkQ3027uT74JTYi1yTnx1yUv/view"